Czas;VA;VB;TB
0x;5x;1x;20x
1x;-266.231x;272.143x;20137.5x
2x;-266.231x;271.988x;20136.8x
3x;-266.231x;271.833x;20136x
4x;-266.231x;271.678x;20135.3x
5x;-266.231x;271.523x;20134.6x
6x;-266.231x;271.368x;20133.8x
7x;-266.231x;271.214x;20133.1x
8x;-266.231x;271.059x;20132.3x
9x;-266.231x;270.905x;20131.6x
10x;-266.231x;270.75x;20130.8x
11x;-266.231x;270.595x;20130.1x
12x;-266.231x;270.441x;20129.4x
13x;-266.231x;270.287x;20128.6x
14x;-266.231x;270.132x;20127.9x
15x;-266.231x;269.978x;20127.1x
16x;-266.231x;269.824x;20126.4x
17x;-266.231x;269.669x;20125.6x
18x;-266.231x;269.515x;20124.9x
19x;-266.231x;269.361x;20124.1x
20x;-266.231x;269.207x;20123.4x
21x;-266.231x;269.053x;20122.7x
22x;-266.231x;268.899x;20121.9x
23x;-266.231x;268.745x;20121.2x
24x;-266.231x;268.591x;20120.4x
25x;-266.231x;268.437x;20119.7x
26x;-266.231x;268.283x;20118.9x
27x;-266.231x;268.129x;20118.2x
28x;-266.231x;267.976x;20117.4x
29x;-266.231x;267.822x;20116.7x
30x;-266.231x;267.668x;20115.9x
31x;-266.231x;267.515x;20115.2x
32x;-266.231x;267.361x;20114.4x
33x;-266.231x;267.208x;20113.7x
34x;-266.231x;267.054x;20112.9x
35x;-266.231x;266.901x;20112.2x
36x;-266.231x;266.748x;20111.4x
37x;-266.231x;266.594x;20110.6x
38x;-266.231x;266.441x;20109.9x
39x;-266.231x;266.288x;20109.1x
40x;-266.231x;266.135x;20108.4x
41x;-266.231x;265.982x;20107.6x
42x;-266.231x;265.829x;20106.9x
43x;-266.231x;265.676x;20106.1x
44x;-266.231x;265.523x;20105.4x
45x;-266.231x;265.37x;20104.6x
46x;-266.231x;265.217x;20103.8x
47x;-266.231x;265.064x;20103.1x
48x;-266.231x;264.911x;20102.3x
49x;-266.231x;264.758x;20101.6x
50x;-266.231x;264.606x;20100.8x
51x;-266.231x;264.453x;20100.1x
52x;-266.231x;264.3x;20099.3x
53x;-266.231x;264.148x;20098.5x
54x;-266.231x;263.995x;20097.8x
55x;-266.231x;263.843x;20097x
56x;-266.231x;263.691x;20096.3x
57x;-266.231x;263.538x;20095.5x
58x;-266.231x;263.386x;20094.7x
59x;-266.231x;263.234x;20094x
60x;-266.231x;263.081x;20093.2x
61x;-266.231x;262.929x;20092.4x
62x;-266.231x;262.777x;20091.7x
63x;-266.231x;262.625x;20090.9x
64x;-266.231x;262.473x;20090.2x
65x;-266.231x;262.321x;20089.4x
66x;-266.231x;262.169x;20088.6x
67x;-266.231x;262.017x;20087.9x
68x;-266.231x;261.865x;20087.1x
69x;-266.231x;261.714x;20086.3x
70x;-266.231x;261.562x;20085.6x
71x;-266.231x;261.41x;20084.8x
72x;-266.231x;261.258x;20084x
73x;-266.231x;261.107x;20083.3x
74x;-266.231x;260.955x;20082.5x
75x;-266.231x;260.804x;20081.7x
76x;-266.231x;260.652x;20080.9x
77x;-266.231x;260.501x;20080.2x
78x;-266.231x;260.349x;20079.4x
79x;-266.231x;260.198x;20078.6x
80x;-266.231x;260.047x;20077.9x
81x;-266.231x;259.896x;20077.1x
82x;-266.231x;259.744x;20076.3x
83x;-266.231x;259.593x;20075.5x
84x;-266.231x;259.442x;20074.8x
85x;-266.231x;259.291x;20074x
86x;-266.231x;259.14x;20073.2x
87x;-266.231x;258.989x;20072.5x
88x;-266.231x;258.838x;20071.7x
89x;-266.231x;258.687x;20070.9x
90x;-266.231x;258.537x;20070.1x
91x;-266.231x;258.386x;20069.4x
92x;-266.231x;258.235x;20068.6x
93x;-266.231x;258.084x;20067.8x
94x;-266.231x;257.934x;20067x
95x;-266.231x;257.783x;20066.2x
96x;-266.231x;257.633x;20065.5x
97x;-266.231x;257.482x;20064.7x
98x;-266.231x;257.332x;20063.9x
99x;-266.231x;257.181x;20063.1x
100x;-266.231x;257.031x;20062.4x
101x;-266.231x;256.881x;20061.6x
102x;-266.231x;256.73x;20060.8x
103x;-266.231x;256.58x;20060x
104x;-266.231x;256.43x;20059.2x
105x;-266.231x;256.28x;20058.4x
106x;-266.231x;256.13x;20057.7x
107x;-266.231x;255.98x;20056.9x
108x;-266.231x;255.83x;20056.1x
109x;-266.231x;255.68x;20055.3x
110x;-266.231x;255.53x;20054.5x
111x;-266.231x;255.38x;20053.7x
112x;-266.231x;255.231x;20053x
113x;-266.231x;255.081x;20052.2x
114x;-266.231x;254.931x;20051.4x
115x;-266.231x;254.781x;20050.6x
116x;-266.231x;254.632x;20049.8x
117x;-266.231x;254.482x;20049x
118x;-266.231x;254.333x;20048.2x
119x;-266.231x;254.183x;20047.5x
120x;-266.231x;254.034x;20046.7x
121x;-266.231x;253.885x;20045.9x
122x;-266.231x;253.735x;20045.1x
123x;-266.231x;253.586x;20044.3x
124x;-266.231x;253.437x;20043.5x
125x;-266.231x;253.288x;20042.7x
126x;-266.231x;253.138x;20041.9x
127x;-266.231x;252.989x;20041.1x
128x;-266.231x;252.84x;20040.4x
129x;-266.231x;252.691x;20039.6x
130x;-266.231x;252.542x;20038.8x
131x;-266.231x;252.394x;20038x
132x;-266.231x;252.245x;20037.2x
133x;-266.231x;252.096x;20036.4x
134x;-266.231x;251.947x;20035.6x
135x;-266.231x;251.798x;20034.8x
136x;-266.231x;251.65x;20034x
137x;-266.231x;251.501x;20033.2x
138x;-266.231x;251.353x;20032.4x
139x;-266.231x;251.204x;20031.6x
140x;-266.231x;251.056x;20030.8x
141x;-266.231x;250.907x;20030x
142x;-266.231x;250.759x;20029.2x
143x;-266.231x;250.61x;20028.4x
144x;-266.231x;250.462x;20027.6x
145x;-266.231x;250.314x;20026.8x
146x;-266.231x;250.166x;20026x
147x;-266.231x;250.018x;20025.2x
148x;-266.231x;249.87x;20024.4x
149x;-266.231x;249.722x;20023.6x
150x;-266.231x;249.574x;20022.8x
151x;-266.231x;249.426x;20022x
152x;-266.231x;249.278x;20021.2x
153x;-266.231x;249.13x;20020.4x
154x;-266.231x;248.982x;20019.6x
155x;-266.231x;248.834x;20018.8x
156x;-266.231x;248.686x;20018x
157x;-266.231x;248.539x;20017.2x
158x;-266.231x;248.391x;20016.4x
159x;-266.231x;248.244x;20015.6x
160x;-266.231x;248.096x;20014.8x
161x;-266.231x;247.949x;20014x
162x;-266.231x;247.801x;20013.2x
163x;-266.231x;247.654x;20012.4x
164x;-266.231x;247.506x;20011.6x
165x;-266.231x;247.359x;20010.8x
166x;-266.231x;247.212x;20009.9x
167x;-266.231x;247.065x;20009.1x
168x;-266.231x;246.917x;20008.3x
169x;-266.231x;246.77x;20007.5x
170x;-266.231x;246.623x;20006.7x
171x;-266.231x;246.476x;20005.9x
172x;-266.231x;246.329x;20005.1x
173x;-266.231x;246.182x;20004.3x
174x;-266.231x;246.035x;20003.5x
175x;-266.231x;245.889x;20002.6x
176x;-266.231x;245.742x;20001.8x
177x;-266.231x;245.595x;20001x
178x;-266.231x;245.448x;20000.2x
179x;-266.231x;245.302x;19999.4x
180x;-266.231x;245.155x;19998.6x
181x;-266.231x;245.009x;19997.8x
182x;-266.231x;244.862x;19996.9x
183x;-266.231x;244.716x;19996.1x
184x;-266.231x;244.569x;19995.3x
185x;-266.231x;244.423x;19994.5x
186x;-266.231x;244.277x;19993.7x
187x;-266.231x;244.13x;19992.9x
188x;-266.231x;243.984x;19992x
189x;-266.231x;243.838x;19991.2x
190x;-266.231x;243.692x;19990.4x
191x;-266.231x;243.546x;19989.6x
192x;-266.231x;243.4x;19988.8x
193x;-266.231x;243.254x;19987.9x
194x;-266.231x;243.108x;19987.1x
195x;-266.231x;242.962x;19986.3x
196x;-266.231x;242.816x;19985.5x
197x;-266.231x;242.67x;19984.7x
198x;-266.231x;242.524x;19983.8x
199x;-266.231x;242.379x;19983x
200x;-266.231x;242.233x;19982.2x
201x;-266.231x;242.087x;19981.4x
202x;-266.231x;241.942x;19980.5x
203x;-266.231x;241.796x;19979.7x
204x;-266.231x;241.651x;19978.9x
205x;-266.231x;241.505x;19978.1x
206x;-266.231x;241.36x;19977.2x
207x;-266.231x;241.215x;19976.4x
208x;-266.231x;241.069x;19975.6x
209x;-266.231x;240.924x;19974.8x
210x;-266.231x;240.779x;19973.9x
211x;-266.231x;240.634x;19973.1x
212x;-266.231x;240.489x;19972.3x
213x;-266.231x;240.344x;19971.4x
214x;-266.231x;240.199x;19970.6x
215x;-266.231x;240.054x;19969.8x
216x;-266.231x;239.909x;19968.9x
217x;-266.231x;239.764x;19968.1x
218x;-266.231x;239.619x;19967.3x
219x;-266.231x;239.474x;19966.4x
220x;-266.231x;239.33x;19965.6x
221x;-266.231x;239.185x;19964.8x
222x;-266.231x;239.04x;19963.9x
223x;-266.231x;238.896x;19963.1x
224x;-266.231x;238.751x;19962.3x
225x;-266.231x;238.607x;19961.4x
226x;-266.231x;238.462x;19960.6x
227x;-266.231x;238.318x;19959.8x
228x;-266.231x;238.174x;19958.9x
229x;-266.231x;238.029x;19958.1x
230x;-266.231x;237.885x;19957.3x
231x;-266.231x;237.741x;19956.4x
232x;-266.231x;237.597x;19955.6x
233x;-266.231x;237.452x;19954.7x
234x;-266.231x;237.308x;19953.9x
235x;-266.231x;237.164x;19953.1x
236x;-266.231x;237.02x;19952.2x
237x;-266.231x;236.876x;19951.4x
238x;-266.231x;236.733x;19950.5x
239x;-266.231x;236.589x;19949.7x
240x;-266.231x;236.445x;19948.9x
241x;-266.231x;236.301x;19948x
242x;-266.231x;236.158x;19947.2x
243x;-266.231x;236.014x;19946.3x
244x;-266.231x;235.87x;19945.5x
245x;-266.231x;235.727x;19944.6x
246x;-266.231x;235.583x;19943.8x
247x;-266.231x;235.44x;19942.9x
248x;-266.231x;235.296x;19942.1x
249x;-266.231x;235.153x;19941.2x
250x;-266.231x;235.01x;19940.4x
251x;-266.231x;234.866x;19939.6x
252x;-266.231x;234.723x;19938.7x
253x;-266.231x;234.58x;19937.9x
254x;-266.231x;234.437x;19937x
255x;-266.231x;234.294x;19936.2x
256x;-266.231x;234.151x;19935.3x
257x;-266.231x;234.008x;19934.5x
258x;-266.231x;233.865x;19933.6x
259x;-266.231x;233.722x;19932.8x
260x;-266.231x;233.579x;19931.9x
261x;-266.231x;233.436x;19931x
262x;-266.231x;233.293x;19930.2x
263x;-266.231x;233.151x;19929.3x
264x;-266.231x;233.008x;19928.5x
265x;-266.231x;232.865x;19927.6x
266x;-266.231x;232.723x;19926.8x
267x;-266.231x;232.58x;19925.9x
268x;-266.231x;232.438x;19925.1x
269x;-266.231x;232.295x;19924.2x
270x;-266.231x;232.153x;19923.4x
271x;-266.231x;232.011x;19922.5x
272x;-266.231x;231.868x;19921.6x
273x;-266.231x;231.726x;19920.8x
274x;-266.231x;231.584x;19919.9x
275x;-266.231x;231.442x;19919.1x
276x;-266.231x;231.3x;19918.2x
277x;-266.231x;231.158x;19917.3x
278x;-266.231x;231.016x;19916.5x
279x;-266.231x;230.874x;19915.6x
280x;-266.231x;230.732x;19914.8x
281x;-266.231x;230.59x;19913.9x
282x;-266.231x;230.448x;19913x
283x;-266.231x;230.306x;19912.2x
284x;-266.231x;230.164x;19911.3x
285x;-266.231x;230.023x;19910.4x
286x;-266.231x;229.881x;19909.6x
287x;-266.231x;229.74x;19908.7x
288x;-266.231x;229.598x;19907.8x
289x;-266.231x;229.456x;19907x
290x;-266.231x;229.315x;19906.1x
291x;-266.231x;229.174x;19905.2x
292x;-266.231x;229.032x;19904.4x
293x;-266.231x;228.891x;19903.5x
294x;-266.231x;228.75x;19902.6x
295x;-266.231x;228.608x;19901.8x
296x;-266.231x;228.467x;19900.9x
297x;-266.231x;228.326x;19900x
298x;-266.231x;228.185x;19899.2x
299x;-266.231x;228.044x;19898.3x
300x;-266.231x;227.903x;19897.4x
301x;-266.231x;227.762x;19896.5x
302x;-266.231x;227.621x;19895.7x
303x;-266.231x;227.48x;19894.8x
304x;-266.231x;227.34x;19893.9x
305x;-266.231x;227.199x;19893x
306x;-266.231x;227.058x;19892.2x
307x;-266.231x;226.917x;19891.3x
308x;-266.231x;226.777x;19890.4x
309x;-266.231x;226.636x;19889.5x
310x;-266.231x;226.496x;19888.7x
311x;-266.231x;226.355x;19887.8x
312x;-266.231x;226.215x;19886.9x
313x;-266.231x;226.074x;19886x
314x;-266.231x;225.934x;19885.1x
315x;-266.231x;225.794x;19884.3x
316x;-266.231x;225.654x;19883.4x
317x;-266.231x;225.513x;19882.5x
318x;-266.231x;225.373x;19881.6x
319x;-266.231x;225.233x;19880.7x
320x;-266.231x;225.093x;19879.9x
321x;-266.231x;224.953x;19879x
322x;-266.231x;224.813x;19878.1x
323x;-266.231x;224.673x;19877.2x
324x;-266.231x;224.533x;19876.3x
325x;-266.231x;224.394x;19875.4x
326x;-266.231x;224.254x;19874.6x
327x;-266.231x;224.114x;19873.7x
328x;-266.231x;223.974x;19872.8x
329x;-266.231x;223.835x;19871.9x
330x;-266.231x;223.695x;19871x
331x;-266.231x;223.556x;19870.1x
332x;-266.231x;223.416x;19869.2x
333x;-266.231x;223.277x;19868.4x
334x;-266.231x;223.137x;19867.5x
335x;-266.231x;222.998x;19866.6x
336x;-266.231x;222.859x;19865.7x
337x;-266.231x;222.719x;19864.8x
338x;-266.231x;222.58x;19863.9x
339x;-266.231x;222.441x;19863x
340x;-266.231x;222.302x;19862.1x
341x;-266.231x;222.163x;19861.2x
342x;-266.231x;222.024x;19860.3x
343x;-266.231x;221.885x;19859.4x
344x;-266.231x;221.746x;19858.5x
345x;-266.231x;221.607x;19857.6x
346x;-266.231x;221.468x;19856.8x
347x;-266.231x;221.329x;19855.9x
348x;-266.231x;221.191x;19855x
349x;-266.231x;221.052x;19854.1x
350x;-266.231x;220.913x;19853.2x
351x;-266.231x;220.775x;19852.3x
352x;-266.231x;220.636x;19851.4x
353x;-266.231x;220.497x;19850.5x
354x;-266.231x;220.359x;19849.6x
355x;-266.231x;220.221x;19848.7x
356x;-266.231x;220.082x;19847.8x
357x;-266.231x;219.944x;19846.9x
358x;-266.231x;219.806x;19846x
359x;-266.231x;219.667x;19845.1x
360x;-266.231x;219.529x;19844.2x
361x;-266.231x;219.391x;19843.3x
362x;-266.231x;219.253x;19842.4x
363x;-266.231x;219.115x;19841.4x
364x;-266.231x;218.977x;19840.5x
365x;-266.231x;218.839x;19839.6x
366x;-266.231x;218.701x;19838.7x
367x;-266.231x;218.563x;19837.8x
368x;-266.231x;218.425x;19836.9x
369x;-266.231x;218.288x;19836x
370x;-266.231x;218.15x;19835.1x
371x;-266.231x;218.012x;19834.2x
372x;-266.231x;217.875x;19833.3x
373x;-266.231x;217.737x;19832.4x
374x;-266.231x;217.599x;19831.5x
375x;-266.231x;217.462x;19830.6x
376x;-266.231x;217.325x;19829.6x
377x;-266.231x;217.187x;19828.7x
378x;-266.231x;217.05x;19827.8x
379x;-266.231x;216.912x;19826.9x
380x;-266.231x;216.775x;19826x
381x;-266.231x;216.638x;19825.1x
382x;-266.231x;216.501x;19824.2x
383x;-266.231x;216.364x;19823.3x
384x;-266.231x;216.227x;19822.3x
385x;-266.231x;216.09x;19821.4x
386x;-266.231x;215.953x;19820.5x
387x;-266.231x;215.816x;19819.6x
388x;-266.231x;215.679x;19818.7x
389x;-266.231x;215.542x;19817.7x
390x;-266.231x;215.405x;19816.8x
391x;-266.231x;215.268x;19815.9x
392x;-266.231x;215.132x;19815x
393x;-266.231x;214.995x;19814.1x
394x;-266.231x;214.859x;19813.2x
395x;-266.231x;214.722x;19812.2x
396x;-266.231x;214.585x;19811.3x
397x;-266.231x;214.449x;19810.4x
398x;-266.231x;214.313x;19809.5x
399x;-266.231x;214.176x;19808.5x
400x;-266.231x;214.04x;19807.6x
401x;-266.231x;213.904x;19806.7x
402x;-266.231x;213.767x;19805.8x
403x;-266.231x;213.631x;19804.8x
404x;-266.231x;213.495x;19803.9x
405x;-266.231x;213.359x;19803x
406x;-266.231x;213.223x;19802.1x
407x;-266.231x;213.087x;19801.1x
408x;-266.231x;212.951x;19800.2x
409x;-266.231x;212.815x;19799.3x
410x;-266.231x;212.679x;19798.3x
411x;-266.231x;212.543x;19797.4x
412x;-266.231x;212.408x;19796.5x
413x;-266.231x;212.272x;19795.5x
414x;-266.231x;212.136x;19794.6x
415x;-266.231x;212.001x;19793.7x
416x;-266.231x;211.865x;19792.8x
417x;-266.231x;211.729x;19791.8x
418x;-266.231x;211.594x;19790.9x
419x;-266.231x;211.459x;19789.9x
420x;-266.231x;211.323x;19789x
421x;-266.231x;211.188x;19788.1x
422x;-266.231x;211.053x;19787.1x
423x;-266.231x;210.917x;19786.2x
424x;-266.231x;210.782x;19785.3x
425x;-266.231x;210.647x;19784.3x
426x;-266.231x;210.512x;19783.4x
427x;-266.231x;210.377x;19782.5x
428x;-266.231x;210.242x;19781.5x
429x;-266.231x;210.107x;19780.6x
430x;-266.231x;209.972x;19779.6x
431x;-266.231x;209.837x;19778.7x
432x;-266.231x;209.702x;19777.7x
433x;-266.231x;209.567x;19776.8x
434x;-266.231x;209.433x;19775.9x
435x;-266.231x;209.298x;19774.9x
436x;-266.231x;209.163x;19774x
437x;-266.231x;209.029x;19773x
438x;-266.231x;208.894x;19772.1x
439x;-266.231x;208.76x;19771.1x
440x;-266.231x;208.625x;19770.2x
441x;-266.231x;208.491x;19769.2x
442x;-266.231x;208.356x;19768.3x
443x;-266.231x;208.222x;19767.3x
444x;-266.231x;208.088x;19766.4x
445x;-266.231x;207.953x;19765.5x
446x;-266.231x;207.819x;19764.5x
447x;-266.231x;207.685x;19763.6x
448x;-266.231x;207.551x;19762.6x
449x;-266.231x;207.417x;19761.6x
450x;-266.231x;207.283x;19760.7x
451x;-266.231x;207.149x;19759.7x
452x;-266.231x;207.015x;19758.8x
453x;-266.231x;206.881x;19757.8x
454x;-266.231x;206.748x;19756.9x
455x;-266.231x;206.614x;19755.9x
456x;-266.231x;206.48x;19755x
457x;-266.231x;206.346x;19754x
458x;-266.231x;206.213x;19753.1x
459x;-266.231x;206.079x;19752.1x
460x;-266.231x;205.946x;19751.1x
461x;-266.231x;205.812x;19750.2x
462x;-266.231x;205.679x;19749.2x
463x;-266.231x;205.545x;19748.3x
464x;-266.231x;205.412x;19747.3x
465x;-266.231x;205.279x;19746.3x
466x;-266.231x;205.145x;19745.4x
467x;-266.231x;205.012x;19744.4x
468x;-266.231x;204.879x;19743.5x
469x;-266.231x;204.746x;19742.5x
470x;-266.231x;204.613x;19741.5x
471x;-266.231x;204.48x;19740.6x
472x;-266.231x;204.347x;19739.6x
473x;-266.231x;204.214x;19738.6x
474x;-266.231x;204.081x;19737.7x
475x;-266.231x;203.948x;19736.7x
476x;-266.231x;203.815x;19735.7x
477x;-266.231x;203.683x;19734.8x
478x;-266.231x;203.55x;19733.8x
479x;-266.231x;203.417x;19732.8x
480x;-266.231x;203.285x;19731.9x
481x;-266.231x;203.152x;19730.9x
482x;-266.231x;203.02x;19729.9x
483x;-266.231x;202.887x;19729x
484x;-266.231x;202.755x;19728x
485x;-266.231x;202.622x;19727x
486x;-266.231x;202.49x;19726x
487x;-266.231x;202.358x;19725.1x
488x;-266.231x;202.226x;19724.1x
489x;-266.231x;202.093x;19723.1x
490x;-266.231x;201.961x;19722.1x
491x;-266.231x;201.829x;19721.2x
492x;-266.231x;201.697x;19720.2x
493x;-266.231x;201.565x;19719.2x
494x;-266.231x;201.433x;19718.2x
495x;-266.231x;201.301x;19717.3x
496x;-266.231x;201.169x;19716.3x
497x;-266.231x;201.038x;19715.3x
498x;-266.231x;200.906x;19714.3x
499x;-266.231x;200.774x;19713.3x
500x;-266.231x;200.643x;19712.4x
501x;-266.231x;200.511x;19711.4x
502x;-266.231x;200.379x;19710.4x
503x;-266.231x;200.248x;19709.4x
504x;-266.231x;200.116x;19708.4x
505x;-266.231x;199.985x;19707.4x
506x;-266.231x;199.853x;19706.5x
507x;-266.231x;199.722x;19705.5x
508x;-266.231x;199.591x;19704.5x
509x;-266.231x;199.46x;19703.5x
510x;-266.231x;199.328x;19702.5x
511x;-266.231x;199.197x;19701.5x
512x;-266.231x;199.066x;19700.5x
513x;-266.231x;198.935x;19699.5x
514x;-266.231x;198.804x;19698.6x
515x;-266.231x;198.673x;19697.6x
516x;-266.231x;198.542x;19696.6x
517x;-266.231x;198.411x;19695.6x
518x;-266.231x;198.28x;19694.6x
519x;-266.231x;198.15x;19693.6x
520x;-266.231x;198.019x;19692.6x
521x;-266.231x;197.888x;19691.6x
522x;-266.231x;197.757x;19690.6x
523x;-266.231x;197.627x;19689.6x
524x;-266.231x;197.496x;19688.6x
525x;-266.231x;197.366x;19687.6x
526x;-266.231x;197.235x;19686.6x
527x;-266.231x;197.105x;19685.6x
528x;-266.231x;196.975x;19684.6x
529x;-266.231x;196.844x;19683.6x
530x;-266.231x;196.714x;19682.6x
531x;-266.231x;196.584x;19681.6x
532x;-266.231x;196.454x;19680.6x
533x;-266.231x;196.323x;19679.6x
534x;-266.231x;196.193x;19678.6x
535x;-266.231x;196.063x;19677.6x
536x;-266.231x;195.933x;19676.6x
537x;-266.231x;195.803x;19675.6x
538x;-266.231x;195.673x;19674.6x
539x;-266.231x;195.544x;19673.6x
540x;-266.231x;195.414x;19672.6x
541x;-266.231x;195.284x;19671.6x
542x;-266.231x;195.154x;19670.6x
543x;-266.231x;195.025x;19669.6x
544x;-266.231x;194.895x;19668.6x
545x;-266.231x;194.765x;19667.6x
546x;-266.231x;194.636x;19666.6x
547x;-266.231x;194.506x;19665.6x
548x;-266.231x;194.377x;19664.6x
549x;-266.231x;194.248x;19663.5x
550x;-266.231x;194.118x;19662.5x
551x;-266.231x;193.989x;19661.5x
552x;-266.231x;193.86x;19660.5x
553x;-266.231x;193.73x;19659.5x
554x;-266.231x;193.601x;19658.5x
555x;-266.231x;193.472x;19657.5x
556x;-266.231x;193.343x;19656.4x
557x;-266.231x;193.214x;19655.4x
558x;-266.231x;193.085x;19654.4x
559x;-266.231x;192.956x;19653.4x
560x;-266.231x;192.827x;19652.4x
561x;-266.231x;192.698x;19651.4x
562x;-266.231x;192.57x;19650.3x
563x;-266.231x;192.441x;19649.3x
564x;-266.231x;192.312x;19648.3x
565x;-266.231x;192.183x;19647.3x
566x;-266.231x;192.055x;19646.3x
567x;-266.231x;191.926x;19645.2x
568x;-266.231x;191.798x;19644.2x
569x;-266.231x;191.669x;19643.2x
570x;-266.231x;191.541x;19642.2x
571x;-266.231x;191.413x;19641.1x
572x;-266.231x;191.284x;19640.1x
573x;-266.231x;191.156x;19639.1x
574x;-266.231x;191.028x;19638.1x
575x;-266.231x;190.9x;19637x
576x;-266.231x;190.771x;19636x
577x;-266.231x;190.643x;19635x
578x;-266.231x;190.515x;19634x
579x;-266.231x;190.387x;19632.9x
580x;-266.231x;190.259x;19631.9x
581x;-266.231x;190.131x;19630.9x
582x;-266.231x;190.003x;19629.8x
583x;-266.231x;189.876x;19628.8x
584x;-266.231x;189.748x;19627.8x
585x;-266.231x;189.62x;19626.7x
586x;-266.231x;189.492x;19625.7x
587x;-266.231x;189.365x;19624.7x
588x;-266.231x;189.237x;19623.6x
589x;-266.231x;189.11x;19622.6x
590x;-266.231x;188.982x;19621.5x
591x;-266.231x;188.855x;19620.5x
592x;-266.231x;188.727x;19619.5x
593x;-266.231x;188.6x;19618.4x
594x;-266.231x;188.473x;19617.4x
595x;-266.231x;188.345x;19616.4x
596x;-266.231x;188.218x;19615.3x
597x;-266.231x;188.091x;19614.3x
598x;-266.231x;187.964x;19613.2x
599x;-266.231x;187.837x;19612.2x
600x;-266.231x;187.71x;19611.1x
601x;-266.231x;187.583x;19610.1x
602x;-266.231x;187.456x;19609.1x
603x;-266.231x;187.329x;19608x
604x;-266.231x;187.202x;19607x
605x;-266.231x;187.075x;19605.9x
606x;-266.231x;186.949x;19604.9x
607x;-266.231x;186.822x;19603.8x
608x;-266.231x;186.695x;19602.8x
609x;-266.231x;186.569x;19601.7x
610x;-266.231x;186.442x;19600.7x
611x;-266.231x;186.316x;19599.6x
612x;-266.231x;186.189x;19598.6x
613x;-266.231x;186.063x;19597.5x
614x;-266.231x;185.936x;19596.5x
615x;-266.231x;185.81x;19595.4x
616x;-266.231x;185.684x;19594.4x
617x;-266.231x;185.557x;19593.3x
618x;-266.231x;185.431x;19592.3x
619x;-266.231x;185.305x;19591.2x
620x;-266.231x;185.179x;19590.1x
621x;-266.231x;185.053x;19589.1x
622x;-266.231x;184.927x;19588x
623x;-266.231x;184.801x;19587x
624x;-266.231x;184.675x;19585.9x
625x;-266.231x;184.549x;19584.8x
626x;-266.231x;184.423x;19583.8x
627x;-266.231x;184.298x;19582.7x
628x;-266.231x;184.172x;19581.7x
629x;-266.231x;184.046x;19580.6x
630x;-266.231x;183.92x;19579.5x
631x;-266.231x;183.795x;19578.5x
632x;-266.231x;183.669x;19577.4x
633x;-266.231x;183.544x;19576.3x
634x;-266.231x;183.418x;19575.3x
635x;-266.231x;183.293x;19574.2x
636x;-266.231x;183.168x;19573.1x
637x;-266.231x;183.042x;19572.1x
638x;-266.231x;182.917x;19571x
639x;-266.231x;182.792x;19569.9x
640x;-266.231x;182.667x;19568.9x
641x;-266.231x;182.541x;19567.8x
642x;-266.231x;182.416x;19566.7x
643x;-266.231x;182.291x;19565.7x
644x;-266.231x;182.166x;19564.6x
645x;-266.231x;182.041x;19563.5x
646x;-266.231x;181.917x;19562.4x
647x;-266.231x;181.792x;19561.4x
648x;-266.231x;181.667x;19560.3x
649x;-266.231x;181.542x;19559.2x
650x;-266.231x;181.417x;19558.1x
651x;-266.231x;181.293x;19557.1x
652x;-266.231x;181.168x;19556x
653x;-266.231x;181.044x;19554.9x
654x;-266.231x;180.919x;19553.8x
655x;-266.231x;180.795x;19552.7x
656x;-266.231x;180.67x;19551.7x
657x;-266.231x;180.546x;19550.6x
658x;-266.231x;180.421x;19549.5x
659x;-266.231x;180.297x;19548.4x
660x;-266.231x;180.173x;19547.3x
661x;-266.231x;180.049x;19546.2x
662x;-266.231x;179.924x;19545.2x
663x;-266.231x;179.8x;19544.1x
664x;-266.231x;179.676x;19543x
665x;-266.231x;179.552x;19541.9x
666x;-266.231x;179.428x;19540.8x
667x;-266.231x;179.304x;19539.7x
668x;-266.231x;179.18x;19538.6x
669x;-266.231x;179.057x;19537.5x
670x;-266.231x;178.933x;19536.5x
671x;-266.231x;178.809x;19535.4x
672x;-266.231x;178.685x;19534.3x
673x;-266.231x;178.562x;19533.2x
674x;-266.231x;178.438x;19532.1x
675x;-266.231x;178.315x;19531x
676x;-266.231x;178.191x;19529.9x
677x;-266.231x;178.068x;19528.8x
678x;-266.231x;177.944x;19527.7x
679x;-266.231x;177.821x;19526.6x
680x;-266.231x;177.697x;19525.5x
681x;-266.231x;177.574x;19524.4x
682x;-266.231x;177.451x;19523.3x
683x;-266.231x;177.328x;19522.2x
684x;-266.231x;177.205x;19521.1x
685x;-266.231x;177.082x;19520x
686x;-266.231x;176.959x;19518.9x
687x;-266.231x;176.835x;19517.8x
688x;-266.231x;176.713x;19516.7x
689x;-266.231x;176.59x;19515.6x
690x;-266.231x;176.467x;19514.5x
691x;-266.231x;176.344x;19513.4x
692x;-266.231x;176.221x;19512.3x
693x;-266.231x;176.098x;19511.2x
694x;-266.231x;175.976x;19510.1x
695x;-266.231x;175.853x;19509x
696x;-266.231x;175.731x;19507.9x
697x;-266.231x;175.608x;19506.8x
698x;-266.231x;175.486x;19505.6x
699x;-266.231x;175.363x;19504.5x
700x;-266.231x;175.241x;19503.4x
701x;-266.231x;175.118x;19502.3x
702x;-266.231x;174.996x;19501.2x
703x;-266.231x;174.874x;19500.1x
704x;-266.231x;174.752x;19499x
705x;-266.231x;174.629x;19497.9x
706x;-266.231x;174.507x;19496.7x
707x;-266.231x;174.385x;19495.6x
708x;-266.231x;174.263x;19494.5x
709x;-266.231x;174.141x;19493.4x
710x;-266.231x;174.019x;19492.3x
711x;-266.231x;173.897x;19491.1x
712x;-266.231x;173.775x;19490x
713x;-266.231x;173.654x;19488.9x
714x;-266.231x;173.532x;19487.8x
715x;-266.231x;173.41x;19486.7x
716x;-266.231x;173.289x;19485.5x
717x;-266.231x;173.167x;19484.4x
718x;-266.231x;173.045x;19483.3x
719x;-266.231x;172.924x;19482.2x
720x;-266.231x;172.802x;19481x
721x;-266.231x;172.681x;19479.9x
722x;-266.231x;172.56x;19478.8x
723x;-266.231x;172.438x;19477.7x
724x;-266.231x;172.317x;19476.5x
725x;-266.231x;172.196x;19475.4x
726x;-266.231x;172.074x;19474.3x
727x;-266.231x;171.953x;19473.1x
728x;-266.231x;171.832x;19472x
729x;-266.231x;171.711x;19470.9x
730x;-266.231x;171.59x;19469.7x
731x;-266.231x;171.469x;19468.6x
732x;-266.231x;171.348x;19467.5x
733x;-266.231x;171.227x;19466.3x
734x;-266.231x;171.107x;19465.2x
735x;-266.231x;170.986x;19464.1x
736x;-266.231x;170.865x;19462.9x
737x;-266.231x;170.744x;19461.8x
738x;-266.231x;170.624x;19460.7x
739x;-266.231x;170.503x;19459.5x
740x;-266.231x;170.383x;19458.4x
741x;-266.231x;170.262x;19457.2x
742x;-266.231x;170.142x;19456.1x
743x;-266.231x;170.021x;19454.9x
744x;-266.231x;169.901x;19453.8x
745x;-266.231x;169.78x;19452.7x
746x;-266.231x;169.66x;19451.5x
747x;-266.231x;169.54x;19450.4x
748x;-266.231x;169.42x;19449.2x
749x;-266.231x;169.3x;19448.1x
750x;-266.231x;169.18x;19446.9x
751x;-266.231x;169.059x;19445.8x
752x;-266.231x;168.939x;19444.6x
753x;-266.231x;168.82x;19443.5x
754x;-266.231x;168.7x;19442.3x
755x;-266.231x;168.58x;19441.2x
756x;-266.231x;168.46x;19440x
757x;-266.231x;168.34x;19438.9x
758x;-266.231x;168.22x;19437.7x
759x;-266.231x;168.101x;19436.6x
760x;-266.231x;167.981x;19435.4x
761x;-266.231x;167.862x;19434.2x
762x;-266.231x;167.742x;19433.1x
763x;-266.231x;167.623x;19431.9x
764x;-266.231x;167.503x;19430.8x
765x;-266.231x;167.384x;19429.6x
766x;-266.231x;167.264x;19428.5x
767x;-266.231x;167.145x;19427.3x
768x;-266.231x;167.026x;19426.1x
769x;-266.231x;166.907x;19425x
770x;-266.231x;166.787x;19423.8x
771x;-266.231x;166.668x;19422.6x
772x;-266.231x;166.549x;19421.5x
773x;-266.231x;166.43x;19420.3x
774x;-266.231x;166.311x;19419.2x
775x;-266.231x;166.192x;19418x
776x;-266.231x;166.073x;19416.8x
777x;-266.231x;165.954x;19415.6x
778x;-266.231x;165.836x;19414.5x
779x;-266.231x;165.717x;19413.3x
780x;-266.231x;165.598x;19412.1x
781x;-266.231x;165.48x;19411x
782x;-266.231x;165.361x;19409.8x
783x;-266.231x;165.242x;19408.6x
784x;-266.231x;165.124x;19407.4x
785x;-266.231x;165.005x;19406.3x
786x;-266.231x;164.887x;19405.1x
787x;-266.231x;164.769x;19403.9x
788x;-266.231x;164.65x;19402.7x
789x;-266.231x;164.532x;19401.6x
790x;-266.231x;164.414x;19400.4x
791x;-266.231x;164.295x;19399.2x
792x;-266.231x;164.177x;19398x
793x;-266.231x;164.059x;19396.8x
794x;-266.231x;163.941x;19395.7x
795x;-266.231x;163.823x;19394.5x
796x;-266.231x;163.705x;19393.3x
797x;-266.231x;163.587x;19392.1x
798x;-266.231x;163.469x;19390.9x
799x;-266.231x;163.352x;19389.7x
800x;-266.231x;163.234x;19388.6x
801x;-266.231x;163.116x;19387.4x
802x;-266.231x;162.998x;19386.2x
803x;-266.231x;162.881x;19385x
804x;-266.231x;162.763x;19383.8x
805x;-266.231x;162.645x;19382.6x
806x;-266.231x;162.528x;19381.4x
807x;-266.231x;162.411x;19380.2x
808x;-266.231x;162.293x;19379x
809x;-266.231x;162.176x;19377.9x
810x;-266.231x;162.058x;19376.7x
811x;-266.231x;161.941x;19375.5x
812x;-266.231x;161.824x;19374.3x
813x;-266.231x;161.707x;19373.1x
814x;-266.231x;161.59x;19371.9x
815x;-266.231x;161.472x;19370.7x
816x;-266.231x;161.355x;19369.5x
817x;-266.231x;161.238x;19368.3x
818x;-266.231x;161.121x;19367.1x
819x;-266.231x;161.005x;19365.9x
820x;-266.231x;160.888x;19364.7x
821x;-266.231x;160.771x;19363.5x
822x;-266.231x;160.654x;19362.3x
823x;-266.231x;160.537x;19361.1x
824x;-266.231x;160.421x;19359.9x
825x;-266.231x;160.304x;19358.7x
826x;-266.231x;160.187x;19357.4x
827x;-266.231x;160.071x;19356.2x
828x;-266.231x;159.954x;19355x
829x;-266.231x;159.838x;19353.8x
830x;-266.231x;159.722x;19352.6x
831x;-266.231x;159.605x;19351.4x
832x;-266.231x;159.489x;19350.2x
833x;-266.231x;159.373x;19349x
834x;-266.231x;159.256x;19347.8x
835x;-266.231x;159.14x;19346.5x
836x;-266.231x;159.024x;19345.3x
837x;-266.231x;158.908x;19344.1x
838x;-266.231x;158.792x;19342.9x
839x;-266.231x;158.676x;19341.7x
840x;-266.231x;158.56x;19340.5x
841x;-266.231x;158.444x;19339.2x
842x;-266.231x;158.328x;19338x
843x;-266.231x;158.213x;19336.8x
844x;-266.231x;158.097x;19335.6x
845x;-266.231x;157.981x;19334.4x
846x;-266.231x;157.865x;19333.1x
847x;-266.231x;157.75x;19331.9x
848x;-266.231x;157.634x;19330.7x
849x;-266.231x;157.519x;19329.5x
850x;-266.231x;157.403x;19328.2x
851x;-266.231x;157.288x;19327x
852x;-266.231x;157.172x;19325.8x
853x;-266.231x;157.057x;19324.6x
854x;-266.231x;156.942x;19323.3x
855x;-266.231x;156.826x;19322.1x
856x;-266.231x;156.711x;19320.9x
857x;-266.231x;156.596x;19319.6x
858x;-266.231x;156.481x;19318.4x
859x;-266.231x;156.366x;19317.2x
860x;-266.231x;156.251x;19315.9x
861x;-266.231x;156.136x;19314.7x
862x;-266.231x;156.021x;19313.5x
863x;-266.231x;155.906x;19312.2x
864x;-266.231x;155.791x;19311x
865x;-266.231x;155.676x;19309.7x
866x;-266.231x;155.562x;19308.5x
867x;-266.231x;155.447x;19307.3x
868x;-266.231x;155.332x;19306x
869x;-266.231x;155.218x;19304.8x
870x;-266.231x;155.103x;19303.5x
871x;-266.231x;154.989x;19302.3x
872x;-266.231x;154.874x;19301.1x
873x;-266.231x;154.76x;19299.8x
874x;-266.231x;154.645x;19298.6x
875x;-266.231x;154.531x;19297.3x
876x;-266.231x;154.417x;19296.1x
877x;-266.231x;154.303x;19294.8x
878x;-266.231x;154.188x;19293.6x
879x;-266.231x;154.074x;19292.3x
880x;-266.231x;153.96x;19291.1x
881x;-266.231x;153.846x;19289.8x
882x;-266.231x;153.732x;19288.6x
883x;-266.231x;153.618x;19287.3x
884x;-266.231x;153.504x;19286.1x
885x;-266.231x;153.39x;19284.8x
886x;-266.231x;153.276x;19283.5x
887x;-266.231x;153.163x;19282.3x
888x;-266.231x;153.049x;19281x
889x;-266.231x;152.935x;19279.8x
890x;-266.231x;152.822x;19278.5x
891x;-266.231x;152.708x;19277.2x
892x;-266.231x;152.594x;19276x
893x;-266.231x;152.481x;19274.7x
894x;-266.231x;152.367x;19273.5x
895x;-266.231x;152.254x;19272.2x
896x;-266.231x;152.141x;19270.9x
897x;-266.231x;152.027x;19269.7x
898x;-266.231x;151.914x;19268.4x
899x;-266.231x;151.801x;19267.1x
900x;-266.231x;151.688x;19265.9x
901x;-266.231x;151.575x;19264.6x
902x;-266.231x;151.461x;19263.3x
903x;-266.231x;151.348x;19262.1x
904x;-266.231x;151.235x;19260.8x
905x;-266.231x;151.122x;19259.5x
906x;-266.231x;151.009x;19258.2x
907x;-266.231x;150.897x;19257x
908x;-266.231x;150.784x;19255.7x
909x;-266.231x;150.671x;19254.4x
910x;-266.231x;150.558x;19253.1x
911x;-266.231x;150.446x;19251.9x
912x;-266.231x;150.333x;19250.6x
913x;-266.231x;150.22x;19249.3x
914x;-266.231x;150.108x;19248x
915x;-266.231x;149.995x;19246.7x
916x;-266.231x;149.883x;19245.5x
917x;-266.231x;149.771x;19244.2x
918x;-266.231x;149.658x;19242.9x
919x;-266.231x;149.546x;19241.6x
920x;-266.231x;149.434x;19240.3x
921x;-266.231x;149.321x;19239x
922x;-266.231x;149.209x;19237.7x
923x;-266.231x;149.097x;19236.5x
924x;-266.231x;148.985x;19235.2x
925x;-266.231x;148.873x;19233.9x
926x;-266.231x;148.761x;19232.6x
927x;-266.231x;148.649x;19231.3x
928x;-266.231x;148.537x;19230x
929x;-266.231x;148.425x;19228.7x
930x;-266.231x;148.313x;19227.4x
931x;-266.231x;148.202x;19226.1x
932x;-266.231x;148.09x;19224.8x
933x;-266.231x;147.978x;19223.5x
934x;-266.231x;147.867x;19222.2x
935x;-266.231x;147.755x;19220.9x
936x;-266.231x;147.644x;19219.6x
937x;-266.231x;147.532x;19218.3x
938x;-266.231x;147.421x;19217x
939x;-266.231x;147.309x;19215.7x
940x;-266.231x;147.198x;19214.4x
941x;-266.231x;147.087x;19213.1x
942x;-266.231x;146.975x;19211.8x
943x;-266.231x;146.864x;19210.5x
944x;-266.231x;146.753x;19209.2x
945x;-266.231x;146.642x;19207.9x
946x;-266.231x;146.531x;19206.6x
947x;-266.231x;146.42x;19205.3x
948x;-266.231x;146.309x;19204x
949x;-266.231x;146.198x;19202.6x
950x;-266.231x;146.087x;19201.3x
951x;-266.231x;145.976x;19200x
952x;-266.231x;145.865x;19198.7x
953x;-266.231x;145.755x;19197.4x
954x;-266.231x;145.644x;19196.1x
955x;-266.231x;145.533x;19194.7x
956x;-266.231x;145.423x;19193.4x
957x;-266.231x;145.312x;19192.1x
958x;-266.231x;145.202x;19190.8x
959x;-266.231x;145.091x;19189.5x
960x;-266.231x;144.981x;19188.2x
961x;-266.231x;144.87x;19186.8x
962x;-266.231x;144.76x;19185.5x
963x;-266.231x;144.65x;19184.2x
964x;-266.231x;144.539x;19182.9x
965x;-266.231x;144.429x;19181.5x
966x;-266.231x;144.319x;19180.2x
967x;-266.231x;144.209x;19178.9x
968x;-266.231x;144.099x;19177.5x
969x;-266.231x;143.989x;19176.2x
970x;-266.231x;143.879x;19174.9x
971x;-266.231x;143.769x;19173.6x
972x;-266.231x;143.659x;19172.2x
973x;-266.231x;143.549x;19170.9x
974x;-266.231x;143.439x;19169.6x
975x;-266.231x;143.33x;19168.2x
976x;-266.231x;143.22x;19166.9x
977x;-266.231x;143.11x;19165.5x
978x;-266.231x;143.001x;19164.2x
979x;-266.231x;142.891x;19162.9x
980x;-266.231x;142.782x;19161.5x
981x;-266.231x;142.672x;19160.2x
982x;-266.231x;142.563x;19158.8x
983x;-266.231x;142.453x;19157.5x
984x;-266.231x;142.344x;19156.2x
985x;-266.231x;142.235x;19154.8x
986x;-266.231x;142.125x;19153.5x
987x;-266.231x;142.016x;19152.1x
988x;-266.231x;141.907x;19150.8x
989x;-266.231x;141.798x;19149.4x
990x;-266.231x;141.689x;19148.1x
991x;-266.231x;141.58x;19146.7x
992x;-266.231x;141.471x;19145.4x
993x;-266.231x;141.362x;19144x
994x;-266.231x;141.253x;19142.7x
995x;-266.231x;141.144x;19141.3x
996x;-266.231x;141.036x;19140x
997x;-266.231x;140.927x;19138.6x
998x;-266.231x;140.818x;19137.2x
999x;-266.231x;140.71x;19135.9x
1000x;-266.231x;140.601x;19134.5x
1001x;-266.231x;140.492x;19133.2x
1002x;-266.231x;140.384x;19131.8x
1003x;-266.231x;140.275x;19130.4x
1004x;-266.231x;140.167x;19129.1x
1005x;-266.231x;140.059x;19127.7x
1006x;-266.231x;139.95x;19126.3x
1007x;-266.231x;139.842x;19125x
1008x;-266.231x;139.734x;19123.6x
1009x;-266.231x;139.626x;19122.2x
1010x;-266.231x;139.517x;19120.9x
1011x;-266.231x;139.409x;19119.5x
1012x;-266.231x;139.301x;19118.1x
1013x;-266.231x;139.193x;19116.8x
1014x;-266.231x;139.085x;19115.4x
1015x;-266.231x;138.977x;19114x
1016x;-266.231x;138.87x;19112.6x
1017x;-266.231x;138.762x;19111.3x
1018x;-266.231x;138.654x;19109.9x
1019x;-266.231x;138.546x;19108.5x
1020x;-266.231x;138.439x;19107.1x
1021x;-266.231x;138.331x;19105.8x
1022x;-266.231x;138.223x;19104.4x
1023x;-266.231x;138.116x;19103x
1024x;-266.231x;138.008x;19101.6x
1025x;-266.231x;137.901x;19100.2x
1026x;-266.231x;137.793x;19098.9x
1027x;-266.231x;137.686x;19097.5x
1028x;-266.231x;137.579x;19096.1x
1029x;-266.231x;137.472x;19094.7x
1030x;-266.231x;137.364x;19093.3x
1031x;-266.231x;137.257x;19091.9x
1032x;-266.231x;137.15x;19090.5x
1033x;-266.231x;137.043x;19089.1x
1034x;-266.231x;136.936x;19087.7x
1035x;-266.231x;136.829x;19086.4x
1036x;-266.231x;136.722x;19085x
1037x;-266.231x;136.615x;19083.6x
1038x;-266.231x;136.508x;19082.2x
1039x;-266.231x;136.401x;19080.8x
1040x;-266.231x;136.295x;19079.4x
1041x;-266.231x;136.188x;19078x
1042x;-266.231x;136.081x;19076.6x
1043x;-266.231x;135.975x;19075.2x
1044x;-266.231x;135.868x;19073.8x
1045x;-266.231x;135.761x;19072.4x
1046x;-266.231x;135.655x;19071x
1047x;-266.231x;135.548x;19069.6x
1048x;-266.231x;135.442x;19068.2x
1049x;-266.231x;135.336x;19066.7x
1050x;-266.231x;135.229x;19065.3x
1051x;-266.231x;135.123x;19063.9x
1052x;-266.231x;135.017x;19062.5x
1053x;-266.231x;134.911x;19061.1x
1054x;-266.231x;134.805x;19059.7x
1055x;-266.231x;134.699x;19058.3x
1056x;-266.231x;134.592x;19056.9x
1057x;-266.231x;134.486x;19055.5x
1058x;-266.231x;134.381x;19054x
1059x;-266.231x;134.275x;19052.6x
1060x;-266.231x;134.169x;19051.2x
1061x;-266.231x;134.063x;19049.8x
1062x;-266.231x;133.957x;19048.4x
1063x;-266.231x;133.851x;19046.9x
1064x;-266.231x;133.746x;19045.5x
1065x;-266.231x;133.64x;19044.1x
1066x;-266.231x;133.535x;19042.7x
1067x;-266.231x;133.429x;19041.2x
1068x;-266.231x;133.324x;19039.8x
1069x;-266.231x;133.218x;19038.4x
1070x;-266.231x;133.113x;19037x
1071x;-266.231x;133.007x;19035.5x
1072x;-266.231x;132.902x;19034.1x
1073x;-266.231x;132.797x;19032.7x
1074x;-266.231x;132.692x;19031.2x
1075x;-266.231x;132.586x;19029.8x
1076x;-266.231x;132.481x;19028.4x
1077x;-266.231x;132.376x;19026.9x
1078x;-266.231x;132.271x;19025.5x
1079x;-266.231x;132.166x;19024.1x
1080x;-266.231x;132.061x;19022.6x
1081x;-266.231x;131.956x;19021.2x
1082x;-266.231x;131.852x;19019.8x
1083x;-266.231x;131.747x;19018.3x
1084x;-266.231x;131.642x;19016.9x
1085x;-266.231x;131.537x;19015.4x
1086x;-266.231x;131.433x;19014x
1087x;-266.231x;131.328x;19012.5x
1088x;-266.231x;131.223x;19011.1x
1089x;-266.231x;131.119x;19009.6x
1090x;-266.231x;131.014x;19008.2x
1091x;-266.231x;130.91x;19006.7x
1092x;-266.231x;130.806x;19005.3x
1093x;-266.231x;130.701x;19003.8x
1094x;-266.231x;130.597x;19002.4x
1095x;-266.231x;130.493x;19000.9x
1096x;-266.231x;130.388x;18999.5x
1097x;-266.231x;130.284x;18998x
1098x;-266.231x;130.18x;18996.6x
1099x;-266.231x;130.076x;18995.1x
1100x;-266.231x;129.972x;18993.6x
1101x;-266.231x;129.868x;18992.2x
1102x;-266.231x;129.764x;18990.7x
1103x;-266.231x;129.66x;18989.3x
1104x;-266.231x;129.556x;18987.8x
1105x;-266.231x;129.453x;18986.3x
1106x;-266.231x;129.349x;18984.9x
1107x;-266.231x;129.245x;18983.4x
1108x;-266.231x;129.141x;18981.9x
1109x;-266.231x;129.038x;18980.5x
1110x;-266.231x;128.934x;18979x
1111x;-266.231x;128.831x;18977.5x
1112x;-266.231x;128.727x;18976x
1113x;-266.231x;128.624x;18974.6x
1114x;-266.231x;128.52x;18973.1x
1115x;-266.231x;128.417x;18971.6x
1116x;-266.231x;128.314x;18970.2x
1117x;-266.231x;128.211x;18968.7x
1118x;-266.231x;128.107x;18967.2x
1119x;-266.231x;128.004x;18965.7x
1120x;-266.231x;127.901x;18964.2x
1121x;-266.231x;127.798x;18962.8x
1122x;-266.231x;127.695x;18961.3x
1123x;-266.231x;127.592x;18959.8x
1124x;-266.231x;127.489x;18958.3x
1125x;-266.231x;127.386x;18956.8x
1126x;-266.231x;127.283x;18955.3x
1127x;-266.231x;127.181x;18953.8x
1128x;-266.231x;127.078x;18952.4x
1129x;-266.231x;126.975x;18950.9x
1130x;-266.231x;126.872x;18949.4x
1131x;-266.231x;126.77x;18947.9x
1132x;-266.231x;126.667x;18946.4x
1133x;-266.231x;126.565x;18944.9x
1134x;-266.231x;126.462x;18943.4x
1135x;-266.231x;126.36x;18941.9x
1136x;-266.231x;126.257x;18940.4x
1137x;-266.231x;126.155x;18938.9x
1138x;-266.231x;126.053x;18937.4x
1139x;-266.231x;125.951x;18935.9x
1140x;-266.231x;125.848x;18934.4x
1141x;-266.231x;125.746x;18932.9x
1142x;-266.231x;125.644x;18931.4x
1143x;-266.231x;125.542x;18929.9x
1144x;-266.231x;125.44x;18928.4x
1145x;-266.231x;125.338x;18926.9x
1146x;-266.231x;125.236x;18925.4x
1147x;-266.231x;125.134x;18923.8x
1148x;-266.231x;125.032x;18922.3x
1149x;-266.231x;124.931x;18920.8x
1150x;-266.231x;124.829x;18919.3x
1151x;-266.231x;124.727x;18917.8x
1152x;-266.231x;124.625x;18916.3x
1153x;-266.231x;124.524x;18914.8x
1154x;-266.231x;124.422x;18913.2x
1155x;-266.231x;124.321x;18911.7x
1156x;-266.231x;124.219x;18910.2x
1157x;-266.231x;124.118x;18908.7x
1158x;-266.231x;124.016x;18907.2x
1159x;-266.231x;123.915x;18905.6x
1160x;-266.231x;123.814x;18904.1x
1161x;-266.231x;123.713x;18902.6x
1162x;-266.231x;123.611x;18901.1x
1163x;-266.231x;123.51x;18899.5x
1164x;-266.231x;123.409x;18898x
1165x;-266.231x;123.308x;18896.5x
1166x;-266.231x;123.207x;18894.9x
1167x;-266.231x;123.106x;18893.4x
1168x;-266.231x;123.005x;18891.9x
1169x;-266.231x;122.904x;18890.3x
1170x;-266.231x;122.803x;18888.8x
1171x;-266.231x;122.703x;18887.3x
1172x;-266.231x;122.602x;18885.7x
1173x;-266.231x;122.501x;18884.2x
1174x;-266.231x;122.4x;18882.6x
1175x;-266.231x;122.3x;18881.1x
1176x;-266.231x;122.199x;18879.6x
1177x;-266.231x;122.099x;18878x
1178x;-266.231x;121.998x;18876.5x
1179x;-266.231x;121.898x;18874.9x
1180x;-266.231x;121.797x;18873.4x
1181x;-266.231x;121.697x;18871.8x
1182x;-266.231x;121.597x;18870.3x
1183x;-266.231x;121.497x;18868.7x
1184x;-266.231x;121.396x;18867.2x
1185x;-266.231x;121.296x;18865.6x
1186x;-266.231x;121.196x;18864.1x
1187x;-266.231x;121.096x;18862.5x
1188x;-266.231x;120.996x;18861x
1189x;-266.231x;120.896x;18859.4x
1190x;-266.231x;120.796x;18857.8x
1191x;-266.231x;120.696x;18856.3x
1192x;-266.231x;120.596x;18854.7x
1193x;-266.231x;120.497x;18853.2x
1194x;-266.231x;120.397x;18851.6x
1195x;-266.231x;120.297x;18850x
1196x;-266.231x;120.198x;18848.5x
1197x;-266.231x;120.098x;18846.9x
1198x;-266.231x;119.998x;18845.3x
1199x;-266.231x;119.899x;18843.8x
1200x;-266.231x;119.799x;18842.2x
1201x;-266.231x;119.7x;18840.6x
1202x;-266.231x;119.601x;18839x
1203x;-266.231x;119.501x;18837.5x
1204x;-266.231x;119.402x;18835.9x
1205x;-266.231x;119.303x;18834.3x
1206x;-266.231x;119.203x;18832.7x
1207x;-266.231x;119.104x;18831.2x
1208x;-266.231x;119.005x;18829.6x
1209x;-266.231x;118.906x;18828x
1210x;-266.231x;118.807x;18826.4x
1211x;-266.231x;118.708x;18824.8x
1212x;-266.231x;118.609x;18823.3x
1213x;-266.231x;118.51x;18821.7x
1214x;-266.231x;118.411x;18820.1x
1215x;-266.231x;118.313x;18818.5x
1216x;-266.231x;118.214x;18816.9x
1217x;-266.231x;118.115x;18815.3x
1218x;-266.231x;118.017x;18813.7x
1219x;-266.231x;117.918x;18812.1x
1220x;-266.231x;117.819x;18810.5x
1221x;-266.231x;117.721x;18808.9x
1222x;-266.231x;117.622x;18807.3x
1223x;-266.231x;117.524x;18805.7x
1224x;-266.231x;117.426x;18804.1x
1225x;-266.231x;117.327x;18802.5x
1226x;-266.231x;117.229x;18800.9x
1227x;-266.231x;117.131x;18799.3x
1228x;-266.231x;117.032x;18797.7x
1229x;-266.231x;116.934x;18796.1x
1230x;-266.231x;116.836x;18794.5x
1231x;-266.231x;116.738x;18792.9x
1232x;-266.231x;116.64x;18791.3x
1233x;-266.231x;116.542x;18789.7x
1234x;-266.231x;116.444x;18788.1x
1235x;-266.231x;116.346x;18786.5x
1236x;-266.231x;116.248x;18784.9x
1237x;-266.231x;116.151x;18783.2x
1238x;-266.231x;116.053x;18781.6x
1239x;-266.231x;115.955x;18780x
1240x;-266.231x;115.858x;18778.4x
1241x;-266.231x;115.76x;18776.8x
1242x;-266.231x;115.662x;18775.2x
1243x;-266.231x;115.565x;18773.5x
1244x;-266.231x;115.467x;18771.9x
1245x;-266.231x;115.37x;18770.3x
1246x;-266.231x;115.273x;18768.7x
1247x;-266.231x;115.175x;18767x
1248x;-266.231x;115.078x;18765.4x
1249x;-266.231x;114.981x;18763.8x
1250x;-266.231x;114.883x;18762.1x
1251x;-266.231x;114.786x;18760.5x
1252x;-266.231x;114.689x;18758.9x
1253x;-266.231x;114.592x;18757.2x
1254x;-266.231x;114.495x;18755.6x
1255x;-266.231x;114.398x;18754x
1256x;-266.231x;114.301x;18752.3x
1257x;-266.231x;114.204x;18750.7x
1258x;-266.231x;114.107x;18749.1x
1259x;-266.231x;114.011x;18747.4x
1260x;-266.231x;113.914x;18745.8x
1261x;-266.231x;113.817x;18744.1x
1262x;-266.231x;113.72x;18742.5x
1263x;-266.231x;113.624x;18740.8x
1264x;-266.231x;113.527x;18739.2x
1265x;-266.231x;113.431x;18737.5x
1266x;-266.231x;113.334x;18735.9x
1267x;-266.231x;113.238x;18734.2x
1268x;-266.231x;113.141x;18732.6x
1269x;-266.231x;113.045x;18730.9x
1270x;-266.231x;112.949x;18729.3x
1271x;-266.231x;112.853x;18727.6x
1272x;-266.231x;112.756x;18725.9x
1273x;-266.231x;112.66x;18724.3x
1274x;-266.231x;112.564x;18722.6x
1275x;-266.231x;112.468x;18721x
1276x;-266.231x;112.372x;18719.3x
1277x;-266.231x;112.276x;18717.6x
1278x;-266.231x;112.18x;18716x
1279x;-266.231x;112.084x;18714.3x
1280x;-266.231x;111.988x;18712.6x
1281x;-266.231x;111.893x;18711x
1282x;-266.231x;111.797x;18709.3x
1283x;-266.231x;111.701x;18707.6x
1284x;-266.231x;111.605x;18706x
1285x;-266.231x;111.51x;18704.3x
1286x;-266.231x;111.414x;18702.6x
1287x;-266.231x;111.319x;18700.9x
1288x;-266.231x;111.223x;18699.2x
1289x;-266.231x;111.128x;18697.6x
1290x;-266.231x;111.032x;18695.9x
1291x;-266.231x;110.937x;18694.2x
1292x;-266.231x;110.842x;18692.5x
1293x;-266.231x;110.746x;18690.8x
1294x;-266.231x;110.651x;18689.1x
1295x;-266.231x;110.556x;18687.5x
1296x;-266.231x;110.461x;18685.8x
1297x;-266.231x;110.366x;18684.1x
1298x;-266.231x;110.271x;18682.4x
1299x;-266.231x;110.176x;18680.7x
1300x;-266.231x;110.081x;18679x
1301x;-266.231x;109.986x;18677.3x
1302x;-266.231x;109.891x;18675.6x
1303x;-266.231x;109.796x;18673.9x
1304x;-266.231x;109.702x;18672.2x
1305x;-266.231x;109.607x;18670.5x
1306x;-266.231x;109.512x;18668.8x
1307x;-266.231x;109.418x;18667.1x
1308x;-266.231x;109.323x;18665.4x
1309x;-266.231x;109.228x;18663.7x
1310x;-266.231x;109.134x;18662x
1311x;-266.231x;109.04x;18660.3x
1312x;-266.231x;108.945x;18658.6x
1313x;-266.231x;108.851x;18656.9x
1314x;-266.231x;108.756x;18655.1x
1315x;-266.231x;108.662x;18653.4x
1316x;-266.231x;108.568x;18651.7x
1317x;-266.231x;108.474x;18650x
1318x;-266.231x;108.38x;18648.3x
1319x;-266.231x;108.286x;18646.6x
1320x;-266.231x;108.192x;18644.8x
1321x;-266.231x;108.098x;18643.1x
1322x;-266.231x;108.004x;18641.4x
1323x;-266.231x;107.91x;18639.7x
1324x;-266.231x;107.816x;18637.9x
1325x;-266.231x;107.722x;18636.2x
1326x;-266.231x;107.628x;18634.5x
1327x;-266.231x;107.535x;18632.7x
1328x;-266.231x;107.441x;18631x
1329x;-266.231x;107.347x;18629.3x
1330x;-266.231x;107.254x;18627.6x
1331x;-266.231x;107.16x;18625.8x
1332x;-266.231x;107.067x;18624.1x
1333x;-266.231x;106.973x;18622.3x
1334x;-266.231x;106.88x;18620.6x
1335x;-266.231x;106.786x;18618.9x
1336x;-266.231x;106.693x;18617.1x
1337x;-266.231x;106.6x;18615.4x
1338x;-266.231x;106.507x;18613.6x
1339x;-266.231x;106.413x;18611.9x
1340x;-266.231x;106.32x;18610.1x
1341x;-266.231x;106.227x;18608.4x
1342x;-266.231x;106.134x;18606.6x
1343x;-266.231x;106.041x;18604.9x
1344x;-266.231x;105.948x;18603.1x
1345x;-266.231x;105.855x;18601.4x
1346x;-266.231x;105.762x;18599.6x
1347x;-266.231x;105.67x;18597.9x
1348x;-266.231x;105.577x;18596.1x
1349x;-266.231x;105.484x;18594.3x
1350x;-266.231x;105.391x;18592.6x
1351x;-266.231x;105.299x;18590.8x
1352x;-266.231x;105.206x;18589.1x
1353x;-266.231x;105.114x;18587.3x
1354x;-266.231x;105.021x;18585.5x
1355x;-266.231x;104.929x;18583.8x
1356x;-266.231x;104.836x;18582x
1357x;-266.231x;104.744x;18580.2x
1358x;-266.231x;104.652x;18578.4x
1359x;-266.231x;104.559x;18576.7x
1360x;-266.231x;104.467x;18574.9x
1361x;-266.231x;104.375x;18573.1x
1362x;-266.231x;104.283x;18571.3x
1363x;-266.231x;104.191x;18569.6x
1364x;-266.231x;104.099x;18567.8x
1365x;-266.231x;104.007x;18566x
1366x;-266.231x;103.915x;18564.2x
1367x;-266.231x;103.823x;18562.4x
1368x;-266.231x;103.731x;18560.6x
1369x;-266.231x;103.639x;18558.8x
1370x;-266.231x;103.547x;18557.1x
1371x;-266.231x;103.456x;18555.3x
1372x;-266.231x;103.364x;18553.5x
1373x;-266.231x;103.272x;18551.7x
1374x;-266.231x;103.181x;18549.9x
1375x;-266.231x;103.089x;18548.1x
1376x;-266.231x;102.998x;18546.3x
1377x;-266.231x;102.906x;18544.5x
1378x;-266.231x;102.815x;18542.7x
1379x;-266.231x;102.723x;18540.9x
1380x;-266.231x;102.632x;18539.1x
1381x;-266.231x;102.541x;18537.3x
1382x;-266.231x;102.449x;18535.5x
1383x;-266.231x;102.358x;18533.7x
1384x;-266.231x;102.267x;18531.9x
1385x;-266.231x;102.176x;18530x
1386x;-266.231x;102.085x;18528.2x
1387x;-266.231x;101.994x;18526.4x
1388x;-266.231x;101.903x;18524.6x
1389x;-266.231x;101.812x;18522.8x
1390x;-266.231x;101.721x;18521x
1391x;-266.231x;101.63x;18519.1x
1392x;-266.231x;101.539x;18517.3x
1393x;-266.231x;101.449x;18515.5x
1394x;-266.231x;101.358x;18513.7x
1395x;-266.231x;101.267x;18511.9x
1396x;-266.231x;101.177x;18510x
1397x;-266.231x;101.086x;18508.2x
1398x;-266.231x;100.996x;18506.4x
1399x;-266.231x;100.905x;18504.5x
1400x;-266.231x;100.815x;18502.7x
1401x;-266.231x;100.724x;18500.9x
1402x;-266.231x;100.634x;18499x
1403x;-266.231x;100.544x;18497.2x
1404x;-266.231x;100.454x;18495.4x
1405x;-266.231x;100.363x;18493.5x
1406x;-266.231x;100.273x;18491.7x
1407x;-266.231x;100.183x;18489.8x
1408x;-266.231x;100.093x;18488x
1409x;-266.231x;100.003x;18486.1x
1410x;-266.231x;99.913x;18484.3x
1411x;-266.231x;99.823x;18482.5x
1412x;-266.231x;99.7331x;18480.6x
1413x;-266.231x;99.6433x;18478.7x
1414x;-266.231x;99.5535x;18476.9x
1415x;-266.231x;99.4637x;18475x
1416x;-266.231x;99.374x;18473.2x
1417x;-266.231x;99.2844x;18471.3x
1418x;-266.231x;99.1948x;18469.5x
1419x;-266.231x;99.1052x;18467.6x
1420x;-266.231x;99.0156x;18465.7x
1421x;-266.231x;98.9262x;18463.9x
1422x;-266.231x;98.8367x;18462x
1423x;-266.231x;98.7473x;18460.2x
1424x;-266.231x;98.658x;18458.3x
1425x;-266.231x;98.5687x;18456.4x
1426x;-266.231x;98.4794x;18454.5x
1427x;-266.231x;98.3902x;18452.7x
1428x;-266.231x;98.301x;18450.8x
1429x;-266.231x;98.2119x;18448.9x
1430x;-266.231x;98.1228x;18447x
1431x;-266.231x;98.0338x;18445.2x
1432x;-266.231x;97.9448x;18443.3x
1433x;-266.231x;97.8559x;18441.4x
1434x;-266.231x;97.767x;18439.5x
1435x;-266.231x;97.6781x;18437.6x
1436x;-266.231x;97.5893x;18435.7x
1437x;-266.231x;97.5005x;18433.9x
1438x;-266.231x;97.4118x;18432x
1439x;-266.231x;97.3231x;18430.1x
1440x;-266.231x;97.2345x;18428.2x
1441x;-266.231x;97.1459x;18426.3x
1442x;-266.231x;97.0574x;18424.4x
1443x;-266.231x;96.9689x;18422.5x
1444x;-266.231x;96.8804x;18420.6x
1445x;-266.231x;96.792x;18418.7x
1446x;-266.231x;96.7037x;18416.8x
1447x;-266.231x;96.6154x;18414.9x
1448x;-266.231x;96.5271x;18413x
1449x;-266.231x;96.4389x;18411.1x
1450x;-266.231x;96.3507x;18409.2x
1451x;-266.231x;96.2625x;18407.3x
1452x;-266.231x;96.1745x;18405.4x
1453x;-266.231x;96.0864x;18403.4x
1454x;-266.231x;95.9984x;18401.5x
1455x;-266.231x;95.9105x;18399.6x
1456x;-266.231x;95.8225x;18397.7x
1457x;-266.231x;95.7347x;18395.8x
1458x;-266.231x;95.6469x;18393.9x
1459x;-266.231x;95.5591x;18391.9x
1460x;-266.231x;95.4713x;18390x
1461x;-266.231x;95.3837x;18388.1x
1462x;-266.231x;95.296x;18386.2x
1463x;-266.231x;95.2084x;18384.2x
1464x;-266.231x;95.1209x;18382.3x
1465x;-266.231x;95.0334x;18380.4x
1466x;-266.231x;94.9459x;18378.4x
1467x;-266.231x;94.8585x;18376.5x
1468x;-266.231x;94.7711x;18374.6x
1469x;-266.231x;94.6838x;18372.6x
1470x;-266.231x;94.5965x;18370.7x
1471x;-266.231x;94.5093x;18368.8x
1472x;-266.231x;94.4221x;18366.8x
1473x;-266.231x;94.3349x;18364.9x
1474x;-266.231x;94.2478x;18362.9x
1475x;-266.231x;94.1608x;18361x
1476x;-266.231x;94.0737x;18359x
1477x;-266.231x;93.9868x;18357.1x
1478x;-266.231x;93.8998x;18355.1x
1479x;-266.231x;93.813x;18353.2x
1480x;-266.231x;93.7261x;18351.2x
1481x;-266.231x;93.6393x;18349.3x
1482x;-266.231x;93.5526x;18347.3x
1483x;-266.231x;93.4659x;18345.3x
1484x;-266.231x;93.3792x;18343.4x
1485x;-266.231x;93.2926x;18341.4x
1486x;-266.231x;93.2061x;18339.5x
1487x;-266.231x;93.1195x;18337.5x
1488x;-266.231x;93.0331x;18335.5x
1489x;-266.231x;92.9466x;18333.5x
1490x;-266.231x;92.8603x;18331.6x
1491x;-266.231x;92.7739x;18329.6x
1492x;-266.231x;92.6876x;18327.6x
1493x;-266.231x;92.6014x;18325.7x
1494x;-266.231x;92.5152x;18323.7x
1495x;-266.231x;92.429x;18321.7x
1496x;-266.231x;92.3429x;18319.7x
1497x;-266.231x;92.2568x;18317.7x
1498x;-266.231x;92.1708x;18315.7x
1499x;-266.231x;92.0848x;18313.8x
1500x;-266.231x;91.9989x;18311.8x
1501x;-266.231x;91.913x;18309.8x
1502x;-266.231x;91.8271x;18307.8x
1503x;-266.231x;91.7413x;18305.8x
1504x;-266.231x;91.6555x;18303.8x
1505x;-266.231x;91.5698x;18301.8x
1506x;-266.231x;91.4842x;18299.8x
1507x;-266.231x;91.3985x;18297.8x
1508x;-266.231x;91.313x;18295.8x
1509x;-266.231x;91.2274x;18293.8x
1510x;-266.231x;91.1419x;18291.8x
1511x;-266.231x;91.0565x;18289.8x
1512x;-266.231x;90.9711x;18287.8x
1513x;-266.231x;90.8857x;18285.8x
1514x;-266.231x;90.8004x;18283.8x
1515x;-266.231x;90.7151x;18281.8x
1516x;-266.231x;90.6299x;18279.8x
1517x;-266.231x;90.5448x;18277.7x
1518x;-266.231x;90.4596x;18275.7x
1519x;-266.231x;90.3745x;18273.7x
1520x;-266.231x;90.2895x;18271.7x
1521x;-266.231x;90.2045x;18269.7x
1522x;-266.231x;90.1195x;18267.6x
1523x;-266.231x;90.0346x;18265.6x
1524x;-266.231x;89.9498x;18263.6x
1525x;-266.231x;89.8649x;18261.6x
1526x;-266.231x;89.7802x;18259.5x
1527x;-266.231x;89.6954x;18257.5x
1528x;-266.231x;89.6108x;18255.5x
1529x;-266.231x;89.5261x;18253.4x
1530x;-266.231x;89.4415x;18251.4x
1531x;-266.231x;89.357x;18249.3x
1532x;-266.231x;89.2725x;18247.3x
1533x;-266.231x;89.188x;18245.3x
1534x;-266.231x;89.1036x;18243.2x
1535x;-266.231x;89.0192x;18241.2x
1536x;-266.231x;88.9349x;18239.1x
1537x;-266.231x;88.8506x;18237.1x
1538x;-266.231x;88.7664x;18235x
1539x;-266.231x;88.6822x;18233x
1540x;-266.231x;88.598x;18230.9x
1541x;-266.231x;88.5139x;18228.9x
1542x;-266.231x;88.4299x;18226.8x
1543x;-266.231x;88.3458x;18224.7x
1544x;-266.231x;88.2619x;18222.7x
1545x;-266.231x;88.1779x;18220.6x
1546x;-266.231x;88.0941x;18218.5x
1547x;-266.231x;88.0102x;18216.5x
1548x;-266.231x;87.9264x;18214.4x
1549x;-266.231x;87.8427x;18212.3x
1550x;-266.231x;87.759x;18210.3x
1551x;-266.231x;87.6753x;18208.2x
1552x;-266.231x;87.5917x;18206.1x
1553x;-266.231x;87.5081x;18204x
1554x;-266.231x;87.4246x;18202x
1555x;-266.231x;87.3411x;18199.9x
1556x;-266.231x;87.2577x;18197.8x
1557x;-266.231x;87.1743x;18195.7x
1558x;-266.231x;87.091x;18193.6x
1559x;-266.231x;87.0077x;18191.5x
1560x;-266.231x;86.9244x;18189.5x
1561x;-266.231x;86.8412x;18187.4x
1562x;-266.231x;86.758x;18185.3x
1563x;-266.231x;86.6749x;18183.2x
1564x;-266.231x;86.5918x;18181.1x
1565x;-266.231x;86.5088x;18179x
1566x;-266.231x;86.4258x;18176.9x
1567x;-266.231x;86.3429x;18174.8x
1568x;-266.231x;86.26x;18172.7x
1569x;-266.231x;86.1771x;18170.6x
1570x;-266.231x;86.0943x;18168.5x
1571x;-266.231x;86.0116x;18166.4x
1572x;-266.231x;85.9288x;18164.2x
1573x;-266.231x;85.8462x;18162.1x
1574x;-266.231x;85.7635x;18160x
1575x;-266.231x;85.6809x;18157.9x
1576x;-266.231x;85.5984x;18155.8x
1577x;-266.231x;85.5159x;18153.7x
1578x;-266.231x;85.4335x;18151.5x
1579x;-266.231x;85.351x;18149.4x
1580x;-266.231x;85.2687x;18147.3x
1581x;-266.231x;85.1864x;18145.2x
1582x;-266.231x;85.1041x;18143x
1583x;-266.231x;85.0219x;18140.9x
1584x;-266.231x;84.9397x;18138.8x
1585x;-266.231x;84.8575x;18136.6x
1586x;-266.231x;84.7754x;18134.5x
1587x;-266.231x;84.6934x;18132.4x
1588x;-266.231x;84.6114x;18130.2x
1589x;-266.231x;84.5294x;18128.1x
1590x;-266.231x;84.4475x;18125.9x
1591x;-266.231x;84.3656x;18123.8x
1592x;-266.231x;84.2838x;18121.7x
1593x;-266.231x;84.202x;18119.5x
1594x;-266.231x;84.1203x;18117.4x
1595x;-266.231x;84.0386x;18115.2x
1596x;-266.231x;83.9569x;18113x
1597x;-266.231x;83.8753x;18110.9x
1598x;-266.231x;83.7938x;18108.7x
1599x;-266.231x;83.7123x;18106.6x
1600x;-266.231x;83.6308x;18104.4x
1601x;-266.231x;83.5494x;18102.3x
1602x;-266.231x;83.468x;18100.1x
1603x;-266.231x;83.3866x;18097.9x
1604x;-266.231x;83.3053x;18095.8x
1605x;-266.231x;83.2241x;18093.6x
1606x;-266.231x;83.1429x;18091.4x
1607x;-266.231x;83.0617x;18089.2x
1608x;-266.231x;82.9806x;18087.1x
1609x;-266.231x;82.8995x;18084.9x
1610x;-266.231x;82.8185x;18082.7x
1611x;-266.231x;82.7375x;18080.5x
1612x;-266.231x;82.6566x;18078.3x
1613x;-266.231x;82.5757x;18076.1x
1614x;-266.231x;82.4948x;18074x
1615x;-266.231x;82.414x;18071.8x
1616x;-266.231x;82.3333x;18069.6x
1617x;-266.231x;82.2526x;18067.4x
1618x;-266.231x;82.1719x;18065.2x
1619x;-266.231x;82.0913x;18063x
1620x;-266.231x;82.0107x;18060.8x
1621x;-266.231x;81.9301x;18058.6x
1622x;-266.231x;81.8497x;18056.4x
1623x;-266.231x;81.7692x;18054.2x
1624x;-266.231x;81.6888x;18052x
1625x;-266.231x;81.6084x;18049.8x
1626x;-266.231x;81.5281x;18047.6x
1627x;-266.231x;81.4479x;18045.3x
1628x;-266.231x;81.3676x;18043.1x
1629x;-266.231x;81.2875x;18040.9x
1630x;-266.231x;81.2073x;18038.7x
1631x;-266.231x;81.1272x;18036.5x
1632x;-266.231x;81.0472x;18034.3x
1633x;-266.231x;80.9672x;18032x
1634x;-266.231x;80.8872x;18029.8x
1635x;-266.231x;80.8073x;18027.6x
1636x;-266.231x;80.7274x;18025.4x
1637x;-266.231x;80.6476x;18023.1x
1638x;-266.231x;80.5678x;18020.9x
1639x;-266.231x;80.4881x;18018.7x
1640x;-266.231x;80.4084x;18016.4x
1641x;-266.231x;80.3287x;18014.2x
1642x;-266.231x;80.2491x;18011.9x
1643x;-266.231x;80.1696x;18009.7x
1644x;-266.231x;80.0901x;18007.4x
1645x;-266.231x;80.0106x;18005.2x
1646x;-266.231x;79.9312x;18003x
1647x;-266.231x;79.8518x;18000.7x
1648x;-266.231x;79.7724x;17998.4x
1649x;-266.231x;79.6931x;17996.2x
1650x;-266.231x;79.6139x;17993.9x
1651x;-266.231x;79.5347x;17991.7x
1652x;-266.231x;79.4555x;17989.4x
1653x;-266.231x;79.3764x;17987.2x
1654x;-266.231x;79.2973x;17984.9x
1655x;-266.231x;79.2183x;17982.6x
1656x;-266.231x;79.1393x;17980.4x
1657x;-266.231x;79.0604x;17978.1x
1658x;-266.231x;78.9815x;17975.8x
1659x;-266.231x;78.9027x;17973.5x
1660x;-266.231x;78.8239x;17971.3x
1661x;-266.231x;78.7451x;17969x
1662x;-266.231x;78.6664x;17966.7x
1663x;-266.231x;78.5877x;17964.4x
1664x;-266.231x;78.5091x;17962.1x
1665x;-266.231x;78.4305x;17959.9x
1666x;-266.231x;78.352x;17957.6x
1667x;-266.231x;78.2735x;17955.3x
1668x;-266.231x;78.195x;17953x
1669x;-266.231x;78.1166x;17950.7x
1670x;-266.231x;78.0382x;17948.4x
1671x;-266.231x;77.9599x;17946.1x
1672x;-266.231x;77.8817x;17943.8x
1673x;-266.231x;77.8034x;17941.5x
1674x;-266.231x;77.7252x;17939.2x
1675x;-266.231x;77.6471x;17936.9x
1676x;-266.231x;77.569x;17934.6x
1677x;-266.231x;77.491x;17932.3x
1678x;-266.231x;77.413x;17929.9x
1679x;-266.231x;77.335x;17927.6x
1680x;-266.231x;77.2571x;17925.3x
1681x;-266.231x;77.1792x;17923x
1682x;-266.231x;77.1014x;17920.7x
1683x;-266.231x;77.0236x;17918.4x
1684x;-266.231x;76.9458x;17916x
1685x;-266.231x;76.8681x;17913.7x
1686x;-266.231x;76.7905x;17911.4x
1687x;-266.231x;76.7129x;17909x
1688x;-266.231x;76.6353x;17906.7x
1689x;-266.231x;76.5578x;17904.4x
1690x;-266.231x;76.4803x;17902x
1691x;-266.231x;76.4029x;17899.7x
1692x;-266.231x;76.3255x;17897.4x
1693x;-266.231x;76.2482x;17895x
1694x;-266.231x;76.1709x;17892.7x
1695x;-266.231x;76.0936x;17890.3x
1696x;-266.231x;76.0164x;17888x
1697x;-266.231x;75.9392x;17885.6x
1698x;-266.231x;75.8621x;17883.3x
1699x;-266.231x;75.785x;17880.9x
1700x;-266.231x;75.708x;17878.6x
1701x;-266.231x;75.631x;17876.2x
1702x;-266.231x;75.5541x;17873.8x
1703x;-266.231x;75.4772x;17871.5x
1704x;-266.231x;75.4003x;17869.1x
1705x;-266.231x;75.3235x;17866.7x
1706x;-266.231x;75.2467x;17864.4x
1707x;-266.231x;75.17x;17862x
1708x;-266.231x;75.0933x;17859.6x
1709x;-266.231x;75.0167x;17857.2x
1710x;-266.231x;74.9401x;17854.9x
1711x;-266.231x;74.8636x;17852.5x
1712x;-266.231x;74.7871x;17850.1x
1713x;-266.231x;74.7106x;17847.7x
1714x;-266.231x;74.6342x;17845.3x
1715x;-266.231x;74.5578x;17842.9x
1716x;-266.231x;74.4815x;17840.5x
1717x;-266.231x;74.4052x;17838.1x
1718x;-266.231x;74.329x;17835.8x
1719x;-266.231x;74.2528x;17833.4x
1720x;-266.231x;74.1767x;17831x
1721x;-266.231x;74.1005x;17828.6x
1722x;-266.231x;74.0245x;17826.1x
1723x;-266.231x;73.9485x;17823.7x
1724x;-266.231x;73.8725x;17821.3x
1725x;-266.231x;73.7966x;17818.9x
1726x;-266.231x;73.7207x;17816.5x
1727x;-266.231x;73.6449x;17814.1x
1728x;-266.231x;73.5691x;17811.7x
1729x;-266.231x;73.4933x;17809.3x
1730x;-266.231x;73.4176x;17806.8x
1731x;-266.231x;73.3419x;17804.4x
1732x;-266.231x;73.2663x;17802x
1733x;-266.231x;73.1908x;17799.6x
1734x;-266.231x;73.1152x;17797.1x
1735x;-266.231x;73.0397x;17794.7x
1736x;-266.231x;72.9643x;17792.3x
1737x;-266.231x;72.8889x;17789.8x
1738x;-266.231x;72.8135x;17787.4x
1739x;-266.231x;72.7382x;17784.9x
1740x;-266.231x;72.663x;17782.5x
1741x;-266.231x;72.5878x;17780.1x
1742x;-266.231x;72.5126x;17777.6x
1743x;-266.231x;72.4374x;17775.2x
1744x;-266.231x;72.3624x;17772.7x
1745x;-266.231x;72.2873x;17770.2x
1746x;-266.231x;72.2123x;17767.8x
1747x;-266.231x;72.1374x;17765.3x
1748x;-266.231x;72.0624x;17762.9x
1749x;-266.231x;71.9876x;17760.4x
1750x;-266.231x;71.9128x;17757.9x
1751x;-266.231x;71.838x;17755.5x
1752x;-266.231x;71.7632x;17753x
1753x;-266.231x;71.6885x;17750.5x
1754x;-266.231x;71.6139x;17748.1x
1755x;-266.231x;71.5393x;17745.6x
1756x;-266.231x;71.4647x;17743.1x
1757x;-266.231x;71.3902x;17740.6x
1758x;-266.231x;71.3158x;17738.1x
1759x;-266.231x;71.2413x;17735.7x
1760x;-266.231x;71.1669x;17733.2x
1761x;-266.231x;71.0926x;17730.7x
1762x;-266.231x;71.0183x;17728.2x
1763x;-266.231x;70.9441x;17725.7x
1764x;-266.231x;70.8699x;17723.2x
1765x;-266.231x;70.7957x;17720.7x
1766x;-266.231x;70.7216x;17718.2x
1767x;-266.231x;70.6475x;17715.7x
1768x;-266.231x;70.5735x;17713.2x
1769x;-266.231x;70.4995x;17710.7x
1770x;-266.231x;70.4255x;17708.2x
1771x;-266.231x;70.3516x;17705.6x
1772x;-266.231x;70.2778x;17703.1x
1773x;-266.231x;70.204x;17700.6x
1774x;-266.231x;70.1302x;17698.1x
1775x;-266.231x;70.0565x;17695.6x
1776x;-266.231x;69.9828x;17693.1x
1777x;-266.231x;69.9092x;17690.5x
1778x;-266.231x;69.8356x;17688x
1779x;-266.231x;69.762x;17685.5x
1780x;-266.231x;69.6885x;17682.9x
1781x;-266.231x;69.6151x;17680.4x
1782x;-266.231x;69.5417x;17677.9x
1783x;-266.231x;69.4683x;17675.3x
1784x;-266.231x;69.395x;17672.8x
1785x;-266.231x;69.3217x;17670.2x
1786x;-266.231x;69.2485x;17667.7x
1787x;-266.231x;69.1753x;17665.1x
1788x;-266.231x;69.1021x;17662.6x
1789x;-266.231x;69.029x;17660x
1790x;-266.231x;68.956x;17657.5x
1791x;-266.231x;68.8829x;17654.9x
1792x;-266.231x;68.81x;17652.3x
1793x;-266.231x;68.737x;17649.8x
1794x;-266.231x;68.6641x;17647.2x
1795x;-266.231x;68.5913x;17644.7x
1796x;-266.231x;68.5185x;17642.1x
1797x;-266.231x;68.4458x;17639.5x
1798x;-266.231x;68.373x;17636.9x
1799x;-266.231x;68.3004x;17634.4x
1800x;-266.231x;68.2278x;17631.8x
1801x;-266.231x;68.1552x;17629.2x
1802x;-266.231x;68.0826x;17626.6x
1803x;-266.231x;68.0102x;17624x
1804x;-266.231x;67.9377x;17621.4x
1805x;-266.231x;67.8653x;17618.8x
1806x;-266.231x;67.7929x;17616.2x
1807x;-266.231x;67.7206x;17613.6x
1808x;-266.231x;67.6484x;17611x
1809x;-266.231x;67.5761x;17608.4x
1810x;-266.231x;67.504x;17605.8x
1811x;-266.231x;67.4318x;17603.2x
1812x;-266.231x;67.3597x;17600.6x
1813x;-266.231x;67.2877x;17598x
1814x;-266.231x;67.2157x;17595.4x
1815x;-266.231x;67.1437x;17592.8x
1816x;-266.231x;67.0718x;17590.2x
1817x;-266.231x;66.9999x;17587.5x
1818x;-266.231x;66.9281x;17584.9x
1819x;-266.231x;66.8563x;17582.3x
1820x;-266.231x;66.7845x;17579.7x
1821x;-266.231x;66.7128x;17577x
1822x;-266.231x;66.6412x;17574.4x
1823x;-266.231x;66.5696x;17571.8x
1824x;-266.231x;66.498x;17569.1x
1825x;-266.231x;66.4265x;17566.5x
1826x;-266.231x;66.355x;17563.9x
1827x;-266.231x;66.2836x;17561.2x
1828x;-266.231x;66.2122x;17558.6x
1829x;-266.231x;66.1408x;17555.9x
1830x;-266.231x;66.0695x;17553.3x
1831x;-266.231x;65.9983x;17550.6x
1832x;-266.231x;65.927x;17547.9x
1833x;-266.231x;65.8559x;17545.3x
1834x;-266.231x;65.7847x;17542.6x
1835x;-266.231x;65.7136x;17540x
1836x;-266.231x;65.6426x;17537.3x
1837x;-266.231x;65.5716x;17534.6x
1838x;-266.231x;65.5007x;17531.9x
1839x;-266.231x;65.4297x;17529.3x
1840x;-266.231x;65.3589x;17526.6x
1841x;-266.231x;65.2881x;17523.9x
1842x;-266.231x;65.2173x;17521.2x
1843x;-266.231x;65.1465x;17518.5x
1844x;-266.231x;65.0758x;17515.9x
1845x;-266.231x;65.0052x;17513.2x
1846x;-266.231x;64.9346x;17510.5x
1847x;-266.231x;64.864x;17507.8x
1848x;-266.231x;64.7935x;17505.1x
1849x;-266.231x;64.723x;17502.4x
1850x;-266.231x;64.6526x;17499.7x
1851x;-266.231x;64.5822x;17497x
1852x;-266.231x;64.5119x;17494.3x
1853x;-266.231x;64.4416x;17491.6x
1854x;-266.231x;64.3713x;17488.8x
1855x;-266.231x;64.3011x;17486.1x
1856x;-266.231x;64.231x;17483.4x
1857x;-266.231x;64.1608x;17480.7x
1858x;-266.231x;64.0908x;17478x
1859x;-266.231x;64.0207x;17475.2x
1860x;-266.231x;63.9507x;17472.5x
1861x;-266.231x;63.8808x;17469.8x
1862x;-266.231x;63.8109x;17467.1x
1863x;-266.231x;63.741x;17464.3x
1864x;-266.231x;63.6712x;17461.6x
1865x;-266.231x;63.6014x;17458.8x
1866x;-266.231x;63.5317x;17456.1x
1867x;-266.231x;63.462x;17453.4x
1868x;-266.231x;63.3924x;17450.6x
1869x;-266.231x;63.3228x;17447.9x
1870x;-266.231x;63.2532x;17445.1x
1871x;-266.231x;63.1837x;17442.3x
1872x;-266.231x;63.1143x;17439.6x
1873x;-266.231x;63.0448x;17436.8x
1874x;-266.231x;62.9755x;17434.1x
1875x;-266.231x;62.9061x;17431.3x
1876x;-266.231x;62.8368x;17428.5x
1877x;-266.231x;62.7676x;17425.8x
1878x;-266.231x;62.6984x;17423x
1879x;-266.231x;62.6292x;17420.2x
1880x;-266.231x;62.5601x;17417.4x
1881x;-266.231x;62.491x;17414.6x
1882x;-266.231x;62.422x;17411.9x
1883x;-266.231x;62.353x;17409.1x
1884x;-266.231x;62.2841x;17406.3x
1885x;-266.231x;62.2152x;17403.5x
1886x;-266.231x;62.1463x;17400.7x
1887x;-266.231x;62.0775x;17397.9x
1888x;-266.231x;62.0087x;17395.1x
1889x;-266.231x;61.94x;17392.3x
1890x;-266.231x;61.8713x;17389.5x
1891x;-266.231x;61.8027x;17386.7x
1892x;-266.231x;61.7341x;17383.9x
1893x;-266.231x;61.6656x;17381x
1894x;-266.231x;61.5971x;17378.2x
1895x;-266.231x;61.5286x;17375.4x
1896x;-266.231x;61.4602x;17372.6x
1897x;-266.231x;61.3918x;17369.8x
1898x;-266.231x;61.3235x;17366.9x
1899x;-266.231x;61.2552x;17364.1x
1900x;-266.231x;61.1869x;17361.3x
1901x;-266.231x;61.1187x;17358.4x
1902x;-266.231x;61.0506x;17355.6x
1903x;-266.231x;60.9825x;17352.8x
1904x;-266.231x;60.9144x;17349.9x
1905x;-266.231x;60.8464x;17347.1x
1906x;-266.231x;60.7784x;17344.2x
1907x;-266.231x;60.7105x;17341.4x
1908x;-266.231x;60.6426x;17338.5x
1909x;-266.231x;60.5747x;17335.7x
1910x;-266.231x;60.5069x;17332.8x
1911x;-266.231x;60.4391x;17329.9x
1912x;-266.231x;60.3714x;17327.1x
1913x;-266.231x;60.3037x;17324.2x
1914x;-266.231x;60.2361x;17321.3x
1915x;-266.231x;60.1685x;17318.5x
1916x;-266.231x;60.101x;17315.6x
1917x;-266.231x;60.0335x;17312.7x
1918x;-266.231x;59.966x;17309.8x
1919x;-266.231x;59.8986x;17306.9x
1920x;-266.231x;59.8312x;17304x
1921x;-266.231x;59.7639x;17301.2x
1922x;-266.231x;59.6966x;17298.3x
1923x;-266.231x;59.6294x;17295.4x
1924x;-266.231x;59.5622x;17292.5x
1925x;-266.231x;59.495x;17289.6x
1926x;-266.231x;59.4279x;17286.7x
1927x;-266.231x;59.3608x;17283.8x
1928x;-266.231x;59.2938x;17280.8x
1929x;-266.231x;59.2268x;17277.9x
1930x;-266.231x;59.1599x;17275x
1931x;-266.231x;59.093x;17272.1x
1932x;-266.231x;59.0261x;17269.2x
1933x;-266.231x;58.9593x;17266.3x
1934x;-266.231x;58.8926x;17263.3x
1935x;-266.231x;58.8259x;17260.4x
1936x;-266.231x;58.7592x;17257.5x
1937x;-266.231x;58.6925x;17254.5x
1938x;-266.231x;58.626x;17251.6x
1939x;-266.231x;58.5594x;17248.7x
1940x;-266.231x;58.4929x;17245.7x
1941x;-266.231x;58.4264x;17242.8x
1942x;-266.231x;58.36x;17239.8x
1943x;-266.231x;58.2937x;17236.9x
1944x;-266.231x;58.2273x;17233.9x
1945x;-266.231x;58.161x;17231x
1946x;-266.231x;58.0948x;17228x
1947x;-266.231x;58.0286x;17225x
1948x;-266.231x;57.9624x;17222.1x
1949x;-266.231x;57.8963x;17219.1x
1950x;-266.231x;57.8303x;17216.1x
1951x;-266.231x;57.7642x;17213.1x
1952x;-266.231x;57.6983x;17210.2x
1953x;-266.231x;57.6323x;17207.2x
1954x;-266.231x;57.5664x;17204.2x
1955x;-266.231x;57.5006x;17201.2x
1956x;-266.231x;57.4348x;17198.2x
1957x;-266.231x;57.369x;17195.2x
1958x;-266.231x;57.3033x;17192.2x
1959x;-266.231x;57.2376x;17189.2x
1960x;-266.231x;57.172x;17186.2x
1961x;-266.231x;57.1064x;17183.2x
1962x;-266.231x;57.0408x;17180.2x
1963x;-266.231x;56.9753x;17177.2x
1964x;-266.231x;56.9099x;17174.2x
1965x;-266.231x;56.8445x;17171.2x
1966x;-266.231x;56.7791x;17168.2x
1967x;-266.231x;56.7138x;17165.2x
1968x;-266.231x;56.6485x;17162.1x
1969x;-266.231x;56.5832x;17159.1x
1970x;-266.231x;56.518x;17156.1x
1971x;-266.231x;56.4529x;17153x
1972x;-266.231x;56.3878x;17150x
1973x;-266.231x;56.3227x;17147x
1974x;-266.231x;56.2577x;17143.9x
1975x;-266.231x;56.1927x;17140.9x
1976x;-266.231x;56.1277x;17137.8x
1977x;-266.231x;56.0628x;17134.8x
1978x;-266.231x;55.998x;17131.7x
1979x;-266.231x;55.9332x;17128.7x
1980x;-266.231x;55.8684x;17125.6x
1981x;-266.231x;55.8037x;17122.5x
1982x;-266.231x;55.739x;17119.5x
1983x;-266.231x;55.6744x;17116.4x
1984x;-266.231x;55.6098x;17113.3x
1985x;-266.231x;55.5452x;17110.3x
1986x;-266.231x;55.4807x;17107.2x
1987x;-266.231x;55.4163x;17104.1x
1988x;-266.231x;55.3518x;17101x
1989x;-266.231x;55.2875x;17097.9x
1990x;-266.231x;55.2231x;17094.8x
1991x;-266.231x;55.1588x;17091.7x
1992x;-266.231x;55.0946x;17088.6x
1993x;-266.231x;55.0304x;17085.5x
1994x;-266.231x;54.9662x;17082.4x
1995x;-266.231x;54.9021x;17079.3x
1996x;-266.231x;54.838x;17076.2x
1997x;-266.231x;54.774x;17073.1x
1998x;-266.231x;54.71x;17070x
1999x;-266.231x;54.6461x;17066.9x
2000x;-266.231x;54.5822x;17063.8x
