Metoda;Krok_Typ;h0;Iteracja;x0_1;x0_2;x_opt_1;x_opt_2;y_opt;f_calls;g_calls;H_calls;Status
SD;Staly 0.05;0.05;1;-0.319611;1.92647;-4.12724e-06;9.96403e-06;9.22262e-11;148;147;0;1
SD;Staly 0.05;0.05;2;-0.504542;-1.11713;4.15801e-06;-1.00383e-05;9.36064e-11;137;136;0;1
SD;Staly 0.05;0.05;3;-1.94182;-1.41463;-1.74755;0.873767;0.298638;126;125;0;1
SD;Staly 0.05;0.05;4;1.00188;-0.0873675;4.13825e-06;-9.99063e-06;9.27191e-11;140;139;0;1
SD;Staly 0.05;0.05;5;-1.7739;0.137154;-1.74755;0.873767;0.298638;114;113;0;1
SD;Staly 0.05;0.05;6;-0.052814;1.17268;-4.40108e-06;1.06252e-05;1.04871e-10;140;139;0;1
SD;Staly 0.05;0.05;7;-0.727136;-0.558241;4.1053e-06;-9.91107e-06;9.12483e-11;117;116;0;1
SD;Staly 0.05;0.05;8;-1.76264;-1.65504;-1.74755;0.873767;0.298638;127;126;0;1
SD;Staly 0.05;0.05;9;1.42055;-1.3403;1.74755;-0.873785;0.298638;108;107;0;1
SD;Staly 0.05;0.05;10;-0.609583;-1.94618;4.39294e-06;-1.06055e-05;1.04483e-10;144;143;0;1
SD;Staly 0.05;0.05;11;-1.79949;0.00847795;-1.74755;0.873767;0.298638;116;115;0;1
SD;Staly 0.05;0.05;12;-0.394064;1.31691;-4.42808e-06;1.06903e-05;1.06161e-10;143;142;0;1
SD;Staly 0.05;0.05;13;-1.70066;-1.19943;-1.74755;0.873767;0.298638;125;124;0;1
SD;Staly 0.05;0.05;14;0.0427069;-1.15833;4.33005e-06;-1.04537e-05;1.01513e-10;140;139;0;1
SD;Staly 0.05;0.05;15;-0.494545;-1.1863;4.15308e-06;-1.00264e-05;9.33849e-11;138;137;0;1
SD;Staly 0.05;0.05;16;1.71473;0.128418;1.74755;-0.873767;0.298638;117;116;0;1
SD;Staly 0.05;0.05;17;1.23411;1.81914;-4.2666e-06;1.03005e-05;9.85595e-11;134;133;0;1
SD;Staly 0.05;0.05;18;0.512957;-1.52608;4.24172e-06;-1.02404e-05;9.74136e-11;146;145;0;1
SD;Staly 0.05;0.05;19;0.242073;0.975962;-4.0918e-06;9.87849e-06;9.06494e-11;137;136;0;1
SD;Staly 0.05;0.05;20;0.162441;-1.04787;4.12175e-06;-9.95078e-06;9.1981e-11;140;139;0;1
SD;Staly 0.05;0.05;21;0.853264;0.781966;-4.09221e-06;9.87946e-06;9.06673e-11;123;122;0;1
SD;Staly 0.05;0.05;22;0.915426;-0.865609;4.28779e-06;-1.03516e-05;9.95411e-11;147;146;0;1
SD;Staly 0.05;0.05;23;-1.47152;-1.29699;-1.74755;0.873767;0.298638;127;126;0;1
SD;Staly 0.05;0.05;24;-1.23142;-0.480793;-4.39239e-06;1.06042e-05;1.04457e-10;158;157;0;1
SD;Staly 0.05;0.05;25;1.22369;-0.853156;1.74755;-0.873767;0.298638;102;101;0;1
SD;Staly 0.05;0.05;26;-1.28376;0.00939538;-1.74755;0.873767;0.298638;118;117;0;1
SD;Staly 0.05;0.05;27;1.03838;-1.26587;1.74755;-0.873767;0.298638;98;97;0;1
SD;Staly 0.05;0.05;28;1.50063;0.45646;1.74755;-0.873767;0.298638;121;120;0;1
SD;Staly 0.05;0.05;29;1.12467;-1.95327;1.74755;-0.873785;0.298638;116;115;0;1
SD;Staly 0.05;0.05;30;-1.99036;-0.736346;-1.74755;0.873767;0.298638;122;121;0;1
SD;Staly 0.05;0.05;31;-0.568598;1.76864;-4.34011e-06;1.0478e-05;1.01985e-10;148;147;0;1
SD;Staly 0.05;0.05;32;1.43386;1.13843;1.74755;-0.873767;0.298638;126;125;0;1
SD;Staly 0.05;0.05;33;0.908919;1.28524;-4.10912e-06;9.92029e-06;9.14183e-11;135;134;0;1
SD;Staly 0.05;0.05;34;-1.72714;-1.61566;-1.74755;0.873767;0.298638;127;126;0;1
SD;Staly 0.05;0.05;35;-1.04731;0.283093;-4.36398e-06;1.05356e-05;1.0311e-10;146;145;0;1
SD;Staly 0.05;0.05;36;-0.899149;-0.535743;-4.21559e-06;1.01773e-05;9.62161e-11;103;102;0;1
SD;Staly 0.05;0.05;37;1.26569;0.375473;1.74755;-0.873767;0.298638;124;123;0;1
SD;Staly 0.05;0.05;38;1.22858;-0.178892;1.74755;-0.873767;0.298638;118;117;0;1
SD;Staly 0.05;0.05;39;0.586027;0.167994;4.19208e-06;-1.01206e-05;9.51467e-11;113;112;0;1
SD;Staly 0.05;0.05;40;0.551249;1.2764;-4.40913e-06;1.06446e-05;1.05254e-10;138;137;0;1
SD;Staly 0.05;0.05;41;-0.409897;0.0709179;-4.16431e-06;1.00535e-05;9.38906e-11;122;121;0;1
SD;Staly 0.05;0.05;42;-0.120018;1.69139;-4.31485e-06;1.0417e-05;1.00802e-10;145;144;0;1
SD;Staly 0.05;0.05;43;-1.02061;-0.219525;-4.41897e-06;1.06683e-05;1.05725e-10;134;133;0;1
SD;Staly 0.05;0.05;44;-0.470941;0.163253;-4.13893e-06;9.99225e-06;9.27493e-11;127;126;0;1
SD;Staly 0.05;0.05;45;-1.40653;0.513621;-1.74755;0.873767;0.298638;109;108;0;1
SD;Staly 0.05;0.05;46;-0.600721;-0.329914;4.11351e-06;-9.93097e-06;9.16149e-11;97;96;0;1
SD;Staly 0.05;0.05;47;1.15021;-1.82656;1.74755;-0.873786;0.298638;114;113;0;1
SD;Staly 0.05;0.05;48;1.15616;-0.196574;1.74755;-0.873767;0.298638;122;121;0;1
SD;Staly 0.05;0.05;49;-0.547469;0.624121;-4.31662e-06;1.04212e-05;1.00884e-10;137;136;0;1
SD;Staly 0.05;0.05;50;1.13781;-0.33553;1.74755;-0.873767;0.298638;121;120;0;1
SD;Staly 0.05;0.05;51;-0.0610117;-0.577639;4.23965e-06;-1.02354e-05;9.73183e-11;131;130;0;1
SD;Staly 0.05;0.05;52;0.475158;1.85325;-4.34496e-06;1.04897e-05;1.02213e-10;144;143;0;1
SD;Staly 0.05;0.05;53;-0.34177;1.04668;-4.1217e-06;9.95066e-06;9.19788e-11;141;140;0;1
SD;Staly 0.05;0.05;54;0.406993;0.14302;4.31423e-06;-1.04154e-05;1.00772e-10;99;98;0;1
SD;Staly 0.05;0.05;55;-1.07659;0.575912;-1.74755;0.873767;0.298638;125;124;0;1
SD;Staly 0.05;0.05;56;0.377209;0.00614457;4.30638e-06;-1.03965e-05;1.00406e-10;116;115;0;1
SD;Staly 0.05;0.05;57;1.29386;1.26539;4.36801e-06;-1.05453e-05;1.03301e-10;133;132;0;1
SD;Staly 0.05;0.05;58;1.11091;1.02509;-4.14452e-06;1.00058e-05;9.30012e-11;105;104;0;1
SD;Staly 0.05;0.05;59;1.21192;-1.87138;1.74755;-0.873785;0.298638;116;115;0;1
SD;Staly 0.05;0.05;60;1.32974;0.45581;1.74755;-0.873767;0.298638;122;121;0;1
SD;Staly 0.05;0.05;61;1.93415;-1.17713;1.74755;-0.873785;0.298638;106;105;0;1
SD;Staly 0.05;0.05;62;-1.25957;-0.991242;-4.16119e-06;1.0046e-05;9.37498e-11;139;138;0;1
SD;Staly 0.05;0.05;63;-1.20535;-1.28141;4.43091e-06;-1.06973e-05;1.06299e-10;103;102;0;1
SD;Staly 0.05;0.05;64;-0.115665;-1.75191;4.17821e-06;-1.00871e-05;9.45182e-11;145;144;0;1
SD;Staly 0.05;0.05;65;-0.684234;-1.91451;4.17949e-06;-1.00902e-05;9.45763e-11;144;143;0;1
SD;Staly 0.05;0.05;66;-1.87399;-0.878711;-1.74755;0.873767;0.298638;123;122;0;1
SD;Staly 0.05;0.05;67;0.74985;0.025439;4.1178e-06;-9.94124e-06;9.18048e-11;128;127;0;1
SD;Staly 0.05;0.05;68;1.65497;0.514624;1.74755;-0.873767;0.298638;121;120;0;1
SD;Staly 0.05;0.05;69;-0.69696;1.81712;-4.41519e-06;1.06592e-05;1.05544e-10;150;149;0;1
SD;Staly 0.05;0.05;70;1.64359;-1.12137;1.74755;-0.873785;0.298638;103;102;0;1
SD;Staly 0.05;0.05;71;1.94942;1.64728;1.74755;-0.873767;0.298638;127;126;0;1
SD;Staly 0.05;0.05;72;1.93403;1.70045;1.74755;-0.873767;0.298638;127;126;0;1
SD;Staly 0.05;0.05;73;1.25921;-0.389334;1.74755;-0.873767;0.298638;114;113;0;1
SD;Staly 0.05;0.05;74;0.86797;-1.17599;4.24451e-06;-1.02472e-05;9.75418e-11;149;148;0;1
SD;Staly 0.05;0.05;75;0.172128;1.82653;-4.30211e-06;1.03862e-05;1.00207e-10;145;144;0;1
SD;Staly 0.05;0.05;76;-1.44492;0.329224;-1.74755;0.873767;0.298638;112;111;0;1
SD;Staly 0.05;0.05;77;-0.271818;0.037689;-4.10325e-06;9.90613e-06;9.11574e-11;116;115;0;1
SD;Staly 0.05;0.05;78;-0.428182;-1.26028;4.25882e-06;-1.02817e-05;9.82006e-11;139;138;0;1
SD;Staly 0.05;0.05;79;-0.124854;0.993769;-4.18375e-06;1.01005e-05;9.47693e-11;139;138;0;1
SD;Staly 0.05;0.05;80;-1.9827;1.56257;-1.74755;0.873786;0.298638;113;112;0;1
SD;Staly 0.05;0.05;81;-1.29928;1.87909;-1.74755;0.873785;0.298638;116;115;0;1
SD;Staly 0.05;0.05;82;1.68465;0.0963293;1.74755;-0.873767;0.298638;117;116;0;1
SD;Staly 0.05;0.05;83;1.35809;-0.31298;1.74755;-0.873767;0.298638;113;112;0;1
SD;Staly 0.05;0.05;84;0.0804486;-1.4752;4.37172e-06;-1.05543e-05;1.03476e-10;143;142;0;1
SD;Staly 0.05;0.05;85;-1.02235;0.506064;-4.09571e-06;9.88791e-06;9.08225e-11;149;148;0;1
SD;Staly 0.05;0.05;86;-0.559083;-1.11804;4.3628e-06;-1.05327e-05;1.03054e-10;136;135;0;1
SD;Staly 0.05;0.05;87;0.578417;1.83066;-4.12962e-06;9.96979e-06;9.23329e-11;144;143;0;1
SD;Staly 0.05;0.05;88;1.49795;-0.95746;1.74755;-0.873785;0.298638;86;85;0;1
SD;Staly 0.05;0.05;89;0.525393;-0.618144;4.20395e-06;-1.01492e-05;9.56864e-11;137;136;0;1
SD;Staly 0.05;0.05;90;0.952004;-0.494497;4.14336e-06;-1.00029e-05;9.2948e-11;144;143;0;1
SD;Staly 0.05;0.05;91;-1.77904;-1.70689;-1.74755;0.873767;0.298638;127;126;0;1
SD;Staly 0.05;0.05;92;1.89059;-0.157036;1.74755;-0.873767;0.298638;114;113;0;1
SD;Staly 0.05;0.05;93;0.202847;-0.0345356;4.43828e-06;-1.0715e-05;1.06651e-10;112;111;0;1
SD;Staly 0.05;0.05;94;-0.721601;-1.23803;4.43116e-06;-1.06978e-05;1.06309e-10;136;135;0;1
SD;Staly 0.05;0.05;95;1.55356;-0.236317;1.74755;-0.873767;0.298638;113;112;0;1
SD;Staly 0.05;0.05;96;0.781751;-0.633152;4.10679e-06;-9.91467e-06;9.13147e-11;141;140;0;1
SD;Staly 0.05;0.05;97;-0.553144;-0.838655;4.09869e-06;-9.8951e-06;9.09546e-11;132;131;0;1
SD;Staly 0.05;0.05;98;-0.120588;-0.574548;4.36991e-06;-1.05499e-05;1.0339e-10;130;129;0;1
SD;Staly 0.05;0.05;99;1.67381;-1.8997;1.74755;-0.873785;0.298638;117;116;0;1
SD;Staly 0.05;0.05;100;0.220816;-1.02115;4.12854e-06;-9.96719e-06;9.22846e-11;140;139;0;1
SD;Staly 0.25;0.25;1;-0.319611;1.92647;-3.71426e-07;8.96702e-07;7.46931e-13;30;29;0;1
SD;Staly 0.25;0.25;2;-0.504542;-1.11713;3.52078e-07;-8.49991e-07;6.71139e-13;28;27;0;1
SD;Staly 0.25;0.25;3;-1.94182;-1.41463;-5.10675e-07;1.23288e-06;1.41197e-12;20;19;0;1
SD;Staly 0.25;0.25;4;1.00188;-0.0873675;5.17464e-07;-1.24927e-06;1.44976e-12;29;28;0;1
SD;Staly 0.25;0.25;5;-1.7739;0.137154;-1.64482;0.854681;0.350552;10001;10000;0;0
SD;Staly 0.25;0.25;6;-0.052814;1.17268;-5.26147e-07;1.27023e-06;1.49882e-12;28;27;0;1
SD;Staly 0.25;0.25;7;-0.727136;-0.558241;3.76013e-07;-9.07775e-07;7.65492e-13;17;16;0;1
SD;Staly 0.25;0.25;8;-1.76264;-1.65504;-4.50351e-07;1.08724e-06;1.09809e-12;30;29;0;1
SD;Staly 0.25;0.25;9;1.42055;-1.3403;1.58996;-0.883666;0.414199;10001;10000;0;0
SD;Staly 0.25;0.25;10;-0.609583;-1.94618;4.10209e-07;-9.90331e-07;9.11056e-13;29;28;0;1
SD;Staly 0.25;0.25;11;-1.79949;0.00847795;-1.75411;0.773138;0.309691;10001;10000;0;0
SD;Staly 0.25;0.25;12;-0.394064;1.31691;-4.18501e-07;1.01035e-06;9.48264e-13;29;28;0;1
SD;Staly 0.25;0.25;13;-1.70066;-1.19943;-1.42919;0.879368;0.641249;10001;10000;0;0
SD;Staly 0.25;0.25;14;0.0427069;-1.15833;5.17443e-07;-1.24922e-06;1.44964e-12;28;27;0;1
SD;Staly 0.25;0.25;15;-0.494545;-1.1863;3.86842e-07;-9.3392e-07;8.10221e-13;28;27;0;1
SD;Staly 0.25;0.25;16;1.71473;0.128418;1.84496;-0.756467;0.391751;10001;10000;0;0
SD;Staly 0.25;0.25;17;1.23411;1.81914;4.36464e-07;-1.05372e-06;1.03141e-12;24;23;0;1
SD;Staly 0.25;0.25;18;0.512957;-1.52608;5.37884e-07;-1.29857e-06;1.56643e-12;29;28;0;1
SD;Staly 0.25;0.25;19;0.242073;0.975962;-3.75554e-07;9.06667e-07;7.63625e-13;28;27;0;1
SD;Staly 0.25;0.25;20;0.162441;-1.04787;4.89109e-07;-1.18081e-06;1.29523e-12;28;27;0;1
SD;Staly 0.25;0.25;21;0.853264;0.781966;-4.53282e-07;1.09432e-06;1.11243e-12;19;18;0;1
SD;Staly 0.25;0.25;22;0.915426;-0.865609;5.20019e-07;-1.25544e-06;1.46411e-12;30;29;0;1
SD;Staly 0.25;0.25;23;-1.47152;-1.29699;-1.6809;0.878486;0.323;10001;10000;0;0
SD;Staly 0.25;0.25;24;-1.23142;-0.480793;-4.01629e-07;9.69619e-07;8.73345e-13;34;33;0;1
SD;Staly 0.25;0.25;25;1.22369;-0.853156;1.55176;-0.765473;0.452849;10001;10000;0;0
SD;Staly 0.25;0.25;26;-1.28376;0.00939538;-1.40185;0.865588;0.676054;10001;10000;0;0
SD;Staly 0.25;0.25;27;1.03838;-1.26587;1.56294;-0.76229;0.439114;10001;10000;0;0
SD;Staly 0.25;0.25;28;1.50063;0.45646;1.71414;-0.829832;0.305503;10001;10000;0;0
SD;Staly 0.25;0.25;29;1.12467;-1.95327;5.82358e-07;-1.40594e-06;1.83618e-12;32;31;0;1
SD;Staly 0.25;0.25;30;-1.99036;-0.736346;-5.11017e-07;1.2337e-06;1.41386e-12;26;25;0;1
SD;Staly 0.25;0.25;31;-0.568598;1.76864;-4.15558e-07;1.00324e-06;9.34971e-13;30;29;0;1
SD;Staly 0.25;0.25;32;1.43386;1.13843;1.65438;-0.774251;0.34405;10001;10000;0;0
SD;Staly 0.25;0.25;33;0.908919;1.28524;-5.12171e-07;1.23649e-06;1.42025e-12;26;25;0;1
SD;Staly 0.25;0.25;34;-1.72714;-1.61566;-3.76935e-07;9.10003e-07;7.69253e-13;32;31;0;1
SD;Staly 0.25;0.25;35;-1.04731;0.283093;-3.72741e-07;8.99876e-07;7.52227e-13;31;30;0;1
SD;Staly 0.25;0.25;36;-0.899149;-0.535743;-4.52546e-07;1.09254e-06;1.10882e-12;26;25;0;1
SD;Staly 0.25;0.25;37;1.26569;0.375473;1.27775;-0.8848;0.844113;10001;10000;0;0
SD;Staly 0.25;0.25;38;1.22858;-0.178892;1.28727;-0.877398;0.829695;10001;10000;0;0
SD;Staly 0.25;0.25;39;0.586027;0.167994;4.09478e-07;-9.88568e-07;9.07815e-13;25;24;0;1
SD;Staly 0.25;0.25;40;0.551249;1.2764;-4.01883e-07;9.70231e-07;8.74449e-13;28;27;0;1
SD;Staly 0.25;0.25;41;-0.409897;0.0709179;-5.58405e-07;1.34811e-06;1.68824e-12;25;24;0;1
SD;Staly 0.25;0.25;42;-0.120018;1.69139;-4.86777e-07;1.17518e-06;1.28291e-12;29;28;0;1
SD;Staly 0.25;0.25;43;-1.02061;-0.219525;-3.8002e-07;9.17448e-07;7.81893e-13;29;28;0;1
SD;Staly 0.25;0.25;44;-0.470941;0.163253;-5.05297e-07;1.2199e-06;1.38238e-12;26;25;0;1
SD;Staly 0.25;0.25;45;-1.40653;0.513621;-1.89178;0.81911;0.470228;10001;10000;0;0
SD;Staly 0.25;0.25;46;-0.600721;-0.329914;-5.62434e-07;1.35784e-06;1.71269e-12;22;21;0;1
SD;Staly 0.25;0.25;47;1.15021;-1.82656;3.9205e-07;-9.46493e-07;8.32183e-13;33;32;0;1
SD;Staly 0.25;0.25;48;1.15616;-0.196574;1.34096;-0.857306;0.755652;10001;10000;0;0
SD;Staly 0.25;0.25;49;-0.547469;0.624121;-4.26932e-07;1.0307e-06;9.86852e-13;28;27;0;1
SD;Staly 0.25;0.25;50;1.13781;-0.33553;1.775;-0.85713;0.304172;10001;10000;0;0
SD;Staly 0.25;0.25;51;-0.0610117;-0.577639;3.91606e-07;-9.45419e-07;8.30296e-13;27;26;0;1
SD;Staly 0.25;0.25;52;0.475158;1.85325;-4.30004e-07;1.03812e-06;1.00111e-12;29;28;0;1
SD;Staly 0.25;0.25;53;-0.34177;1.04668;-5.36991e-07;1.29641e-06;1.56124e-12;28;27;0;1
SD;Staly 0.25;0.25;54;0.406993;0.14302;3.82953e-07;-9.24531e-07;7.94011e-13;23;22;0;1
SD;Staly 0.25;0.25;55;-1.07659;0.575912;-1.34082;0.85698;0.755713;10001;10000;0;0
SD;Staly 0.25;0.25;56;0.377209;0.00614457;3.62291e-07;-8.74647e-07;7.10641e-13;25;24;0;1
SD;Staly 0.25;0.25;57;1.29386;1.26539;4.05855e-07;-9.79822e-07;8.91822e-13;30;29;0;1
SD;Staly 0.25;0.25;58;1.11091;1.02509;4.64916e-07;-1.12241e-06;1.17027e-12;27;26;0;1
SD;Staly 0.25;0.25;59;1.21192;-1.87138;1.28401;-0.875029;0.832333;10001;10000;0;0
SD;Staly 0.25;0.25;60;1.32974;0.45581;1.47291;-0.858944;0.571456;10001;10000;0;0
SD;Staly 0.25;0.25;61;1.93415;-1.17713;1.76543;-0.820795;0.304394;10001;10000;0;0
SD;Staly 0.25;0.25;62;-1.25957;-0.991242;-5.1361e-07;1.23997e-06;1.42825e-12;30;29;0;1
SD;Staly 0.25;0.25;63;-1.20535;-1.28141;-4.06121e-07;9.80462e-07;8.92988e-13;28;27;0;1
SD;Staly 0.25;0.25;64;-0.115665;-1.75191;4.78119e-07;-1.15428e-06;1.23768e-12;29;28;0;1
SD;Staly 0.25;0.25;65;-0.684234;-1.91451;3.73299e-07;-9.01223e-07;7.54481e-13;29;28;0;1
SD;Staly 0.25;0.25;66;-1.87399;-0.878711;-5.10901e-07;1.23342e-06;1.41322e-12;29;28;0;1
SD;Staly 0.25;0.25;67;0.74985;0.025439;4.30728e-07;-1.03987e-06;1.00448e-12;27;26;0;1
SD;Staly 0.25;0.25;68;1.65497;0.514624;1.66733;-0.771318;0.334896;10001;10000;0;0
SD;Staly 0.25;0.25;69;-0.69696;1.81712;-3.52269e-07;8.50452e-07;6.71868e-13;31;30;0;1
SD;Staly 0.25;0.25;70;1.64359;-1.12137;1.60884;-0.842555;0.386659;10001;10000;0;0
SD;Staly 0.25;0.25;71;1.94942;1.64728;-5.61187e-07;1.35483e-06;1.7051e-12;25;24;0;1
SD;Staly 0.25;0.25;72;1.93403;1.70045;-4.86979e-07;1.17567e-06;1.28397e-12;25;24;0;1
SD;Staly 0.25;0.25;73;1.25921;-0.389334;1.79614;-0.86184;0.314942;10001;10000;0;0
SD;Staly 0.25;0.25;74;0.86797;-1.17599;3.59593e-07;-8.68135e-07;7.00098e-13;31;30;0;1
SD;Staly 0.25;0.25;75;0.172128;1.82653;-4.95706e-07;1.19674e-06;1.3304e-12;29;28;0;1
SD;Staly 0.25;0.25;76;-1.44492;0.329224;-1.81261;0.85935;0.328504;10001;10000;0;0
SD;Staly 0.25;0.25;77;-0.271818;0.037689;-5.26311e-07;1.27063e-06;1.49975e-12;24;23;0;1
SD;Staly 0.25;0.25;78;-0.428182;-1.26028;4.46991e-07;-1.07913e-06;1.08176e-12;28;27;0;1
SD;Staly 0.25;0.25;79;-0.124854;0.993769;-4.56193e-07;1.10135e-06;1.12676e-12;28;27;0;1
SD;Staly 0.25;0.25;80;-1.9827;1.56257;-4.88195e-07;1.17861e-06;1.29039e-12;33;32;0;1
SD;Staly 0.25;0.25;81;-1.29928;1.87909;-5.01453e-07;1.21061e-06;1.36143e-12;36;35;0;1
SD;Staly 0.25;0.25;82;1.68465;0.0963293;1.73487;-0.770878;0.308878;10001;10000;0;0
SD;Staly 0.25;0.25;83;1.35809;-0.31298;1.44788;-0.884311;0.615381;10001;10000;0;0
SD;Staly 0.25;0.25;84;0.0804486;-1.4752;4.11268e-07;-9.9289e-07;9.1577e-13;29;28;0;1
SD;Staly 0.25;0.25;85;-1.02235;0.506064;-4.50491e-07;1.08758e-06;1.09877e-12;31;30;0;1
SD;Staly 0.25;0.25;86;-0.559083;-1.11804;5.4494e-07;-1.3156e-06;1.6078e-12;27;26;0;1
SD;Staly 0.25;0.25;87;0.578417;1.83066;-3.87864e-07;9.36386e-07;8.14506e-13;29;28;0;1
SD;Staly 0.25;0.25;88;1.49795;-0.95746;1.53141;-0.858197;0.487433;10001;10000;0;0
SD;Staly 0.25;0.25;89;0.525393;-0.618144;4.12225e-07;-9.952e-07;9.20035e-13;28;27;0;1
SD;Staly 0.25;0.25;90;0.952004;-0.494497;3.95534e-07;-9.54904e-07;8.47039e-13;30;29;0;1
SD;Staly 0.25;0.25;91;-1.77904;-1.70689;-5.03183e-07;1.21479e-06;1.37084e-12;29;28;0;1
SD;Staly 0.25;0.25;92;1.89059;-0.157036;1.38871;-0.880878;0.69998;10001;10000;0;0
SD;Staly 0.25;0.25;93;0.202847;-0.0345356;3.98293e-07;-9.61564e-07;8.58895e-13;24;23;0;1
SD;Staly 0.25;0.25;94;-0.721601;-1.23803;4.95953e-07;-1.19734e-06;1.33173e-12;27;26;0;1
SD;Staly 0.25;0.25;95;1.55356;-0.236317;1.88553;-0.810563;0.456959;10001;10000;0;0
SD;Staly 0.25;0.25;96;0.781751;-0.633152;3.96797e-07;-9.57954e-07;8.52458e-13;29;28;0;1
SD;Staly 0.25;0.25;97;-0.553144;-0.838655;5.79676e-07;-1.39946e-06;1.81931e-12;26;25;0;1
SD;Staly 0.25;0.25;98;-0.120588;-0.574548;3.71058e-07;-8.95813e-07;7.4545e-13;27;26;0;1
SD;Staly 0.25;0.25;99;1.67381;-1.8997;4.69803e-07;-1.1342e-06;1.195e-12;30;29;0;1
SD;Staly 0.25;0.25;100;0.220816;-1.02115;4.90014e-07;-1.183e-06;1.30003e-12;28;27;0;1
SD;Zmienny;0;1;-0.319611;1.92647;-2.62444e-07;2.22723e-07;1.28907e-13;609;19;0;1
SD;Zmienny;0;2;-0.504542;-1.11713;1.56622e-07;-2.56066e-07;7.45251e-14;481;15;0;1
SD;Zmienny;0;3;-1.94182;-1.41463;-9.22314e-08;1.71226e-07;3.05393e-14;353;11;0;1
SD;Zmienny;0;4;1.00188;-0.0873675;1.06454e-07;-1.64659e-07;3.22488e-14;545;17;0;1
SD;Zmienny;0;5;-1.7739;0.137154;-1.74755;0.873775;0.298638;1281;40;0;1
SD;Zmienny;0;6;-0.052814;1.17268;-4.28269e-07;4.74095e-07;3.88555e-13;609;19;0;1
SD;Zmienny;0;7;-0.727136;-0.558241;6.79026e-08;1.5933e-07;4.54267e-14;385;12;0;1
SD;Zmienny;0;8;-1.76264;-1.65504;-3.51512e-07;4.35818e-07;2.83864e-13;609;19;0;1
SD;Zmienny;0;9;1.42055;-1.3403;1.74755;-0.873777;0.298638;993;31;0;1
SD;Zmienny;0;10;-0.609583;-1.94618;2.49122e-07;-3.69492e-07;1.686e-13;545;17;0;1
SD;Zmienny;0;11;-1.79949;0.00847795;-1.74755;0.873774;0.298638;1281;40;0;1
SD;Zmienny;0;12;-0.394064;1.31691;-1.63319e-07;8.01478e-08;4.66804e-14;481;15;0;1
SD;Zmienny;0;13;-1.70066;-1.19943;-1.6003e-07;2.6261e-07;7.81577e-14;545;17;0;1
SD;Zmienny;0;14;0.0427069;-1.15833;4.19368e-07;-4.71607e-07;3.76376e-13;609;19;0;1
SD;Zmienny;0;15;-0.494545;-1.1863;2.21675e-07;-3.58337e-07;1.47251e-13;481;15;0;1
SD;Zmienny;0;16;1.71473;0.128418;1.74755;-0.873775;0.298638;897;28;0;1
SD;Zmienny;0;17;1.23411;1.81914;2.47754e-08;-3.0901e-07;8.90587e-14;641;20;0;1
SD;Zmienny;0;18;0.512957;-1.52608;2.60135e-07;-1.31075e-07;1.18424e-13;481;15;0;1
SD;Zmienny;0;19;0.242073;0.975962;6.97456e-08;3.04735e-07;1.23847e-13;513;16;0;1
SD;Zmienny;0;20;0.162441;-1.04787;7.64526e-08;-5.07955e-07;2.30874e-13;577;18;0;1
SD;Zmienny;0;21;0.853264;0.781966;2.24072e-07;-3.44616e-07;1.41958e-13;481;15;0;1
SD;Zmienny;0;22;0.915426;-0.865609;1.91045e-08;-5.31994e-08;2.54379e-15;321;10;0;1
SD;Zmienny;0;23;-1.47152;-1.29699;-1.74755;0.873775;0.298638;737;23;0;1
SD;Zmienny;0;24;-1.23142;-0.480793;-4.34516e-07;4.22439e-07;3.72506e-13;673;21;0;1
SD;Zmienny;0;25;1.22369;-0.853156;1.74755;-0.873775;0.298638;801;25;0;1
SD;Zmienny;0;26;-1.28376;0.00939538;-1.74755;0.873776;0.298638;321;10;0;1
SD;Zmienny;0;27;1.03838;-1.26587;1.74755;-0.873774;0.298638;961;30;0;1
SD;Zmienny;0;28;1.50063;0.45646;1.74755;-0.873776;0.298638;257;8;0;1
SD;Zmienny;0;29;1.12467;-1.95327;1.74755;-0.873778;0.298638;897;28;0;1
SD;Zmienny;0;30;-1.99036;-0.736346;-2.83201e-08;6.33275e-08;3.82099e-15;225;7;0;1
SD;Zmienny;0;31;-0.568598;1.76864;-1.90032e-07;1.17411e-07;6.36981e-14;545;17;0;1
SD;Zmienny;0;32;1.43386;1.13843;1.74755;-0.873775;0.298638;1121;35;0;1
SD;Zmienny;0;33;0.908919;1.28524;-5.22365e-08;-4.64511e-07;2.45492e-13;449;14;0;1
SD;Zmienny;0;34;-1.72714;-1.61566;-4.43307e-07;5.09023e-07;4.26493e-13;609;19;0;1
SD;Zmienny;0;35;-1.04731;0.283093;-7.83536e-08;3.76548e-07;1.24563e-13;513;16;0;1
SD;Zmienny;0;36;-0.899149;-0.535743;6.14541e-08;2.80202e-07;1.03286e-13;513;16;0;1
SD;Zmienny;0;37;1.26569;0.375473;1.74755;-0.873775;0.298638;1281;40;0;1
SD;Zmienny;0;38;1.22858;-0.178892;1.74755;-0.873776;0.298638;385;12;0;1
SD;Zmienny;0;39;0.586027;0.167994;5.48954e-08;-1.20612e-07;1.39533e-14;225;7;0;1
SD;Zmienny;0;40;0.551249;1.2764;-2.98714e-07;4.76622e-07;2.63255e-13;481;15;0;1
SD;Zmienny;0;41;-0.409897;0.0709179;-9.34221e-08;2.77749e-07;6.8652e-14;289;9;0;1
SD;Zmienny;0;42;-0.120018;1.69139;-2.48099e-08;3.55556e-07;1.1883e-13;641;20;0;1
SD;Zmienny;0;43;-1.02061;-0.219525;-1.66437e-07;2.2559e-07;6.87471e-14;609;19;0;1
SD;Zmienny;0;44;-0.470941;0.163253;-1.00584e-07;2.96696e-08;1.81304e-14;385;12;0;1
SD;Zmienny;0;45;-1.40653;0.513621;-1.74755;0.873775;0.298638;865;27;0;1
SD;Zmienny;0;46;-0.600721;-0.329914;-5.86349e-08;1.1753e-07;1.37981e-14;289;9;0;1
SD;Zmienny;0;47;1.15021;-1.82656;1.74755;-0.873778;0.298638;929;29;0;1
SD;Zmienny;0;48;1.15616;-0.196574;1.74755;-0.873775;0.298638;929;29;0;1
SD;Zmienny;0;49;-0.547469;0.624121;-3.078e-07;4.49687e-07;2.53286e-13;513;16;0;1
SD;Zmienny;0;50;1.13781;-0.33553;1.74755;-0.873775;0.298638;961;30;0;1
SD;Zmienny;0;51;-0.0610117;-0.577639;3.41231e-07;-4.7191e-07;2.94546e-13;545;17;0;1
SD;Zmienny;0;52;0.475158;1.85325;-2.10519e-07;3.1498e-07;1.2154e-13;545;17;0;1
SD;Zmienny;0;53;-0.34177;1.04668;-9.85439e-08;3.30445e-08;1.72574e-14;417;13;0;1
SD;Zmienny;0;54;0.406993;0.14302;-3.17768e-09;-1.75516e-09;2.88532e-17;193;6;0;1
SD;Zmienny;0;55;-1.07659;0.575912;-1.74755;0.873775;0.298638;481;15;0;1
SD;Zmienny;0;56;0.377209;0.00614457;5.30551e-08;-1.42547e-07;1.83865e-14;225;7;0;1
SD;Zmienny;0;57;1.29386;1.26539;9.4987e-08;-4.12058e-07;1.48697e-13;513;16;0;1
SD;Zmienny;0;58;1.11091;1.02509;1.02401e-08;-3.23358e-07;1.01459e-13;641;20;0;1
SD;Zmienny;0;59;1.21192;-1.87138;1.74755;-0.873778;0.298638;1249;39;0;1
SD;Zmienny;0;60;1.32974;0.45581;1.74755;-0.873776;0.298638;385;12;0;1
SD;Zmienny;0;61;1.93415;-1.17713;2.52742e-07;-1.80257e-07;1.14691e-13;577;18;0;1
SD;Zmienny;0;62;-1.25957;-0.991242;-1.2126e-07;2.00337e-07;4.52499e-14;513;16;0;1
SD;Zmienny;0;63;-1.20535;-1.28141;-2.91896e-08;3.39684e-07;1.07174e-13;641;20;0;1
SD;Zmienny;0;64;-0.115665;-1.75191;2.16279e-07;-2.85071e-07;1.13164e-13;609;19;0;1
SD;Zmienny;0;65;-0.684234;-1.91451;2.81643e-07;-4.13745e-07;2.13302e-13;545;17;0;1
SD;Zmienny;0;66;-1.87399;-0.878711;9.16756e-08;2.41147e-07;9.70681e-14;449;14;0;1
SD;Zmienny;0;67;0.74985;0.025439;-2.11323e-08;-1.65825e-08;1.51855e-15;257;8;0;1
SD;Zmienny;0;68;1.65497;0.514624;1.74755;-0.873775;0.298638;641;20;0;1
SD;Zmienny;0;69;-0.69696;1.81712;-4.26931e-08;2.07025e-07;3.7666e-14;577;18;0;1
SD;Zmienny;0;70;1.64359;-1.12137;1.74755;-0.873777;0.298638;737;23;0;1
SD;Zmienny;0;71;1.94942;1.64728;-7.62111e-08;1.40007e-07;2.05482e-14;353;11;0;1
SD;Zmienny;0;72;1.93403;1.70045;7.0643e-08;1.56328e-07;4.54629e-14;321;10;0;1
SD;Zmienny;0;73;1.25921;-0.389334;1.74755;-0.873775;0.298638;1121;35;0;1
SD;Zmienny;0;74;0.86797;-1.17599;2.1017e-07;-9.44936e-08;7.74118e-14;481;15;0;1
SD;Zmienny;0;75;0.172128;1.82653;4.54177e-08;5.00404e-07;2.77257e-13;577;18;0;1
SD;Zmienny;0;76;-1.44492;0.329224;-1.74755;0.873775;0.298638;1249;39;0;1
SD;Zmienny;0;77;-0.271818;0.037689;-6.50317e-08;1.94355e-07;3.3593e-14;289;9;0;1
SD;Zmienny;0;78;-0.428182;-1.26028;-5.35907e-08;-2.06916e-07;5.96471e-14;513;16;0;1
SD;Zmienny;0;79;-0.124854;0.993769;-2.4086e-07;2.20627e-07;1.11563e-13;609;19;0;1
SD;Zmienny;0;80;-1.9827;1.56257;-2.52021e-07;2.30032e-07;1.21971e-13;641;20;0;1
SD;Zmienny;0;81;-1.29928;1.87909;-1.74755;0.873778;0.298638;1313;41;0;1
SD;Zmienny;0;82;1.68465;0.0963293;1.74755;-0.873775;0.298638;577;18;0;1
SD;Zmienny;0;83;1.35809;-0.31298;1.74755;-0.873775;0.298638;1217;38;0;1
SD;Zmienny;0;84;0.0804486;-1.4752;1.86478e-08;-3.44554e-07;1.12988e-13;641;20;0;1
SD;Zmienny;0;85;-1.02235;0.506064;-3.6877e-07;3.35297e-07;2.6076e-13;609;19;0;1
SD;Zmienny;0;86;-0.559083;-1.11804;1.48381e-07;-2.42272e-07;6.6781e-14;481;15;0;1
SD;Zmienny;0;87;0.578417;1.83066;-2.013e-07;3.02141e-07;1.11512e-13;545;17;0;1
SD;Zmienny;0;88;1.49795;-0.95746;1.74755;-0.873776;0.298638;353;11;0;1
SD;Zmienny;0;89;0.525393;-0.618144;2.53447e-07;-3.75036e-07;1.74071e-13;513;16;0;1
SD;Zmienny;0;90;0.952004;-0.494497;1.42881e-08;-3.38466e-07;1.10131e-13;641;20;0;1
SD;Zmienny;0;91;-1.77904;-1.70689;-2.76928e-07;3.55431e-07;1.81281e-13;609;19;0;1
SD;Zmienny;0;92;1.89059;-0.157036;5.2438e-09;3.43421e-09;8.47969e-17;257;8;0;1
SD;Zmienny;0;93;0.202847;-0.0345356;1.07268e-07;-3.29592e-07;9.62889e-14;289;9;0;1
SD;Zmienny;0;94;-0.721601;-1.23803;3.29476e-07;-5.10785e-07;3.09719e-13;481;15;0;1
SD;Zmienny;0;95;1.55356;-0.236317;1.74755;-0.873775;0.298638;1025;32;0;1
SD;Zmienny;0;96;0.781751;-0.633152;2.62579e-07;-3.06266e-07;1.51276e-13;577;18;0;1
SD;Zmienny;0;97;-0.553144;-0.838655;2.0395e-07;-3.51144e-07;1.34878e-13;417;13;0;1
SD;Zmienny;0;98;-0.120588;-0.574548;-5.8335e-08;-2.83388e-07;1.03646e-13;513;16;0;1
SD;Zmienny;0;99;1.67381;-1.8997;2.27143e-07;-2.74156e-07;1.16077e-13;641;20;0;1
SD;Zmienny;0;100;0.220816;-1.02115;1.18955e-07;-5.80216e-07;2.95932e-13;513;16;0;1
CG;Staly 0.05;0.05;1;-0.319611;1.92647;-1.28346e-06;1.84343e-06;4.32678e-12;43;42;0;1
CG;Staly 0.05;0.05;2;-0.504542;-1.11713;5.81329e-07;-2.22903e-06;4.34866e-12;41;40;0;1
CG;Staly 0.05;0.05;3;-1.94182;-1.41463;nan;nan;nan;10001;10000;0;0
CG;Staly 0.05;0.05;4;1.00188;-0.0873675;nan;nan;nan;10001;10000;0;0
CG;Staly 0.05;0.05;5;-1.7739;0.137154;-1.74755;0.873775;0.298638;38;37;0;1
CG;Staly 0.05;0.05;6;-0.052814;1.17268;-9.51394e-07;1.26435e-06;2.20599e-12;43;42;0;1
CG;Staly 0.05;0.05;7;-0.727136;-0.558241;9.4724e-07;-1.06963e-06;1.92544e-12;37;36;0;1
CG;Staly 0.05;0.05;8;-1.76264;-1.65504;nan;nan;nan;10001;10000;0;0
CG;Staly 0.05;0.05;9;1.42055;-1.3403;1.74755;-0.873778;0.298638;37;36;0;1
CG;Staly 0.05;0.05;10;-0.609583;-1.94618;7.84849e-07;-2.48214e-06;5.44489e-12;42;41;0;1
CG;Staly 0.05;0.05;11;-1.79949;0.00847795;-1.74755;0.873774;0.298638;38;37;0;1
CG;Staly 0.05;0.05;12;-0.394064;1.31691;-8.2145e-07;2.0035e-06;3.71779e-12;43;42;0;1
CG;Staly 0.05;0.05;13;-1.70066;-1.19943;-1.74755;0.873774;0.298638;39;38;0;1
CG;Staly 0.05;0.05;14;0.0427069;-1.15833;9.44112e-07;-1.24651e-06;2.15964e-12;43;42;0;1
CG;Staly 0.05;0.05;15;-0.494545;-1.1863;6.46329e-07;-2.37453e-06;4.93916e-12;41;40;0;1
CG;Staly 0.05;0.05;16;1.71473;0.128418;1.74755;-0.873774;0.298638;38;37;0;1
CG;Staly 0.05;0.05;17;1.23411;1.81914;4.90463e-07;-1.97626e-06;3.41745e-12;40;39;0;1
CG;Staly 0.05;0.05;18;0.512957;-1.52608;1.08907e-06;-1.67084e-06;3.34419e-12;43;42;0;1
CG;Staly 0.05;0.05;19;0.242073;0.975962;-8.80133e-07;2.183e-06;4.39344e-12;41;40;0;1
CG;Staly 0.05;0.05;20;0.162441;-1.04787;1.15567e-06;-1.81926e-06;3.87838e-12;42;41;0;1
CG;Staly 0.05;0.05;21;0.853264;0.781966;-9.75155e-07;1.01989e-06;1.94747e-12;37;36;0;1
CG;Staly 0.05;0.05;22;0.915426;-0.865609;-7.73477e-08;-1.57891e-06;2.62704e-12;58;57;0;1
CG;Staly 0.05;0.05;23;-1.47152;-1.29699;-1.74755;0.873774;0.298638;43;42;0;1
CG;Staly 0.05;0.05;24;-1.23142;-0.480793;nan;nan;nan;10001;10000;0;0
CG;Staly 0.05;0.05;25;1.22369;-0.853156;nan;nan;nan;10001;10000;0;0
CG;Staly 0.05;0.05;26;-1.28376;0.00939538;-1.74755;0.873778;0.298638;28;27;0;1
CG;Staly 0.05;0.05;27;1.03838;-1.26587;nan;nan;nan;10001;10000;0;0
CG;Staly 0.05;0.05;28;1.50063;0.45646;1.74755;-0.873774;0.298638;39;38;0;1
CG;Staly 0.05;0.05;29;1.12467;-1.95327;1.74755;-0.873778;0.298638;38;37;0;1
CG;Staly 0.05;0.05;30;-1.99036;-0.736346;-1.74755;0.873774;0.298638;40;39;0;1
CG;Staly 0.05;0.05;31;-0.568598;1.76864;-3.14047e-07;1.82906e-06;2.96828e-12;41;40;0;1
CG;Staly 0.05;0.05;32;1.43386;1.13843;1.74755;-0.873778;0.298638;58;57;0;1
CG;Staly 0.05;0.05;33;0.908919;1.28524;-1.84953e-07;1.2956e-06;1.50737e-12;42;41;0;1
CG;Staly 0.05;0.05;34;-1.72714;-1.61566;nan;nan;nan;10001;10000;0;0
CG;Staly 0.05;0.05;35;-1.04731;0.283093;nan;nan;nan;10001;10000;0;0
CG;Staly 0.05;0.05;36;-0.899149;-0.535743;-3.47106e-07;2.0192e-06;3.61727e-12;38;37;0;1
CG;Staly 0.05;0.05;37;1.26569;0.375473;nan;nan;nan;10001;10000;0;0
CG;Staly 0.05;0.05;38;1.22858;-0.178892;nan;nan;nan;10001;10000;0;0
CG;Staly 0.05;0.05;39;0.586027;0.167994;1.00113e-06;-2.55095e-06;5.95804e-12;37;36;0;1
CG;Staly 0.05;0.05;40;0.551249;1.2764;-6.40646e-07;2.50219e-06;5.47877e-12;41;40;0;1
CG;Staly 0.05;0.05;41;-0.409897;0.0709179;-1.30215e-06;1.74185e-06;4.15706e-12;38;37;0;1
CG;Staly 0.05;0.05;42;-0.120018;1.69139;-9.04421e-07;1.14782e-06;1.91533e-12;44;43;0;1
CG;Staly 0.05;0.05;43;-1.02061;-0.219525;nan;nan;nan;10001;10000;0;0
CG;Staly 0.05;0.05;44;-0.470941;0.163253;-1.41935e-06;2.64361e-06;7.26559e-12;37;36;0;1
CG;Staly 0.05;0.05;45;-1.40653;0.513621;-1.74755;0.873778;0.298638;36;35;0;1
CG;Staly 0.05;0.05;46;-0.600721;-0.329914;-2.34463e-07;2.1304e-06;4.14903e-12;35;34;0;1
CG;Staly 0.05;0.05;47;1.15021;-1.82656;1.74755;-0.873778;0.298638;38;37;0;1
CG;Staly 0.05;0.05;48;1.15616;-0.196574;nan;nan;nan;10001;10000;0;0
CG;Staly 0.05;0.05;49;-0.547469;0.624121;-4.46426e-07;2.25006e-06;4.45688e-12;41;40;0;1
CG;Staly 0.05;0.05;50;1.13781;-0.33553;nan;nan;nan;10001;10000;0;0
CG;Staly 0.05;0.05;51;-0.0610117;-0.577639;9.7114e-07;-2.72939e-06;6.68518e-12;39;38;0;1
CG;Staly 0.05;0.05;52;0.475158;1.85325;-8.26728e-07;2.40861e-06;5.17709e-12;42;41;0;1
CG;Staly 0.05;0.05;53;-0.34177;1.04668;-8.60142e-07;2.45728e-06;5.40431e-12;42;41;0;1
CG;Staly 0.05;0.05;54;0.406993;0.14302;2.07796e-07;-1.55287e-06;2.17508e-12;36;35;0;1
CG;Staly 0.05;0.05;55;-1.07659;0.575912;nan;nan;nan;10001;10000;0;0
CG;Staly 0.05;0.05;56;0.377209;0.00614457;1.28847e-06;-2.98511e-06;8.38496e-12;36;35;0;1
CG;Staly 0.05;0.05;57;1.29386;1.26539;nan;nan;nan;10001;10000;0;0
CG;Staly 0.05;0.05;58;1.11091;1.02509;9.84559e-07;-5.32386e-07;1.69798e-12;36;35;0;1
CG;Staly 0.05;0.05;59;1.21192;-1.87138;1.74755;-0.873778;0.298638;38;37;0;1
CG;Staly 0.05;0.05;60;1.32974;0.45581;1.74755;-0.873778;0.298638;39;38;0;1
CG;Staly 0.05;0.05;61;1.93415;-1.17713;1.74755;-0.873778;0.298638;36;35;0;1
CG;Staly 0.05;0.05;62;-1.25957;-0.991242;nan;nan;nan;10001;10000;0;0
CG;Staly 0.05;0.05;63;-1.20535;-1.28141;1.17748e-06;-3.09311e-06;8.69816e-12;49;48;0;1
CG;Staly 0.05;0.05;64;-0.115665;-1.75191;1.23082e-06;-2.52343e-06;6.29162e-12;42;41;0;1
CG;Staly 0.05;0.05;65;-0.684234;-1.91451;8.05403e-07;-2.49957e-06;5.53206e-12;42;41;0;1
CG;Staly 0.05;0.05;66;-1.87399;-0.878711;-1.74755;0.873774;0.298638;39;38;0;1
CG;Staly 0.05;0.05;67;0.74985;0.025439;-1.16548e-06;2.08587e-06;4.63651e-12;38;37;0;1
CG;Staly 0.05;0.05;68;1.65497;0.514624;1.74755;-0.873774;0.298638;39;38;0;1
CG;Staly 0.05;0.05;69;-0.69696;1.81712;-2.82747e-08;-1.17276e-06;1.41013e-12;51;50;0;1
CG;Staly 0.05;0.05;70;1.64359;-1.12137;1.74755;-0.873778;0.298638;35;34;0;1
CG;Staly 0.05;0.05;71;1.94942;1.64728;nan;nan;nan;10001;10000;0;0
CG;Staly 0.05;0.05;72;1.93403;1.70045;nan;nan;nan;10001;10000;0;0
CG;Staly 0.05;0.05;73;1.25921;-0.389334;nan;nan;nan;10001;10000;0;0
CG;Staly 0.05;0.05;74;0.86797;-1.17599;-1.39175e-06;2.48828e-06;6.60241e-12;48;47;0;1
CG;Staly 0.05;0.05;75;0.172128;1.82653;-1.05897e-06;2.47149e-06;5.73385e-12;42;41;0;1
CG;Staly 0.05;0.05;76;-1.44492;0.329224;-1.74755;0.873778;0.298638;40;39;0;1
CG;Staly 0.05;0.05;77;-0.271818;0.037689;-1.37699e-06;2.56388e-06;6.83522e-12;36;35;0;1
CG;Staly 0.05;0.05;78;-0.428182;-1.26028;7.83184e-07;-2.56741e-06;5.80761e-12;41;40;0;1
CG;Staly 0.05;0.05;79;-0.124854;0.993769;-1.12846e-06;1.66898e-06;3.44896e-12;42;41;0;1
CG;Staly 0.05;0.05;80;-1.9827;1.56257;-1.74755;0.873778;0.298638;38;37;0;1
CG;Staly 0.05;0.05;81;-1.29928;1.87909;-1.74755;0.873778;0.298638;39;38;0;1
CG;Staly 0.05;0.05;82;1.68465;0.0963293;1.74755;-0.873774;0.298638;38;37;0;1
CG;Staly 0.05;0.05;83;1.35809;-0.31298;1.74755;-0.873778;0.298638;45;44;0;1
CG;Staly 0.05;0.05;84;0.0804486;-1.4752;1.19741e-06;-1.54437e-06;3.40342e-12;43;42;0;1
CG;Staly 0.05;0.05;85;-1.02235;0.506064;nan;nan;nan;10001;10000;0;0
CG;Staly 0.05;0.05;86;-0.559083;-1.11804;5.1625e-07;-2.18404e-06;4.17557e-12;41;40;0;1
CG;Staly 0.05;0.05;87;0.578417;1.83066;-8.21265e-07;2.42307e-06;5.23023e-12;42;41;0;1
CG;Staly 0.05;0.05;88;1.49795;-0.95746;1.74755;-0.873778;0.298638;31;30;0;1
CG;Staly 0.05;0.05;89;0.525393;-0.618144;4.02794e-07;-2.2502e-06;4.48153e-12;41;40;0;1
CG;Staly 0.05;0.05;90;0.952004;-0.494497;nan;nan;nan;10001;10000;0;0
CG;Staly 0.05;0.05;91;-1.77904;-1.70689;nan;nan;nan;10001;10000;0;0
CG;Staly 0.05;0.05;92;1.89059;-0.157036;1.74755;-0.873774;0.298638;38;37;0;1
CG;Staly 0.05;0.05;93;0.202847;-0.0345356;1.22095e-06;-2.75037e-06;7.18789e-12;35;34;0;1
CG;Staly 0.05;0.05;94;-0.721601;-1.23803;4.12248e-07;-2.24992e-06;4.47452e-12;41;40;0;1
CG;Staly 0.05;0.05;95;1.55356;-0.236317;1.74755;-0.873774;0.298638;37;36;0;1
CG;Staly 0.05;0.05;96;0.781751;-0.633152;-1.16961e-06;1.52807e-06;3.28373e-12;37;36;0;1
CG;Staly 0.05;0.05;97;-0.553144;-0.838655;2.88588e-07;-1.60009e-06;2.26509e-12;41;40;0;1
CG;Staly 0.05;0.05;98;-0.120588;-0.574548;6.6945e-07;-1.86012e-06;3.1111e-12;40;39;0;1
CG;Staly 0.05;0.05;99;1.67381;-1.8997;1.74755;-0.873778;0.298638;39;38;0;1
CG;Staly 0.05;0.05;100;0.220816;-1.02115;1.02424e-06;-2.02076e-06;4.11186e-12;42;41;0;1
CG;Staly 0.25;0.25;1;-0.319611;1.92647;1.33267e-07;-4.11188e-07;1.49798e-13;16;15;0;1
CG;Staly 0.25;0.25;2;-0.504542;-1.11713;2.98157e-07;-5.13266e-07;2.88203e-13;16;15;0;1
CG;Staly 0.25;0.25;3;-1.94182;-1.41463;-6.45508e-08;3.28327e-07;9.49384e-14;16;15;0;1
CG;Staly 0.25;0.25;4;1.00188;-0.0873675;nan;nan;nan;10001;10000;0;0
CG;Staly 0.25;0.25;5;-1.7739;0.137154;nan;nan;nan;10001;10000;0;0
CG;Staly 0.25;0.25;6;-0.052814;1.17268;-5.53895e-08;2.24233e-07;4.39963e-14;17;16;0;1
CG;Staly 0.25;0.25;7;-0.727136;-0.558241;-2.09859e-07;1.97985e-07;8.5731e-14;17;16;0;1
CG;Staly 0.25;0.25;8;-1.76264;-1.65504;nan;nan;nan;10001;10000;0;0
CG;Staly 0.25;0.25;9;1.42055;-1.3403;nan;nan;nan;10001;10000;0;0
CG;Staly 0.25;0.25;10;-0.609583;-1.94618;6.59451e-08;-2.73449e-07;6.5439e-14;17;16;0;1
CG;Staly 0.25;0.25;11;-1.79949;0.00847795;nan;nan;nan;10001;10000;0;0
CG;Staly 0.25;0.25;12;-0.394064;1.31691;-5.82624e-08;2.16221e-07;4.0943e-14;17;16;0;1
CG;Staly 0.25;0.25;13;-1.70066;-1.19943;nan;nan;nan;10001;10000;0;0
CG;Staly 0.25;0.25;14;0.0427069;-1.15833;5.60853e-08;-2.223e-07;4.32405e-14;17;16;0;1
CG;Staly 0.25;0.25;15;-0.494545;-1.1863;6.56219e-08;-2.25796e-07;4.47792e-14;17;16;0;1
CG;Staly 0.25;0.25;16;1.71473;0.128418;nan;nan;nan;10001;10000;0;0
CG;Staly 0.25;0.25;17;1.23411;1.81914;2.86407e-07;-4.70255e-07;2.50514e-13;14;13;0;1
CG;Staly 0.25;0.25;18;0.512957;-1.52608;3.21651e-07;-3.82283e-07;2.30098e-13;16;15;0;1
CG;Staly 0.25;0.25;19;0.242073;0.975962;-7.65491e-08;2.1309e-07;4.08152e-14;17;16;0;1
CG;Staly 0.25;0.25;20;0.162441;-1.04787;2.73502e-07;-4.51024e-07;2.29673e-13;16;15;0;1
CG;Staly 0.25;0.25;21;0.853264;0.781966;1.74398e-07;-1.89931e-07;6.37795e-14;18;17;0;1
CG;Staly 0.25;0.25;22;0.915426;-0.865609;7.57562e-08;-2.67359e-07;6.27047e-14;24;23;0;1
CG;Staly 0.25;0.25;23;-1.47152;-1.29699;nan;nan;nan;10001;10000;0;0
CG;Staly 0.25;0.25;24;-1.23142;-0.480793;nan;nan;nan;10001;10000;0;0
CG;Staly 0.25;0.25;25;1.22369;-0.853156;nan;nan;nan;10001;10000;0;0
CG;Staly 0.25;0.25;26;-1.28376;0.00939538;nan;nan;nan;10001;10000;0;0
CG;Staly 0.25;0.25;27;1.03838;-1.26587;nan;nan;nan;10001;10000;0;0
CG;Staly 0.25;0.25;28;1.50063;0.45646;nan;nan;nan;10001;10000;0;0
CG;Staly 0.25;0.25;29;1.12467;-1.95327;nan;nan;nan;10001;10000;0;0
CG;Staly 0.25;0.25;30;-1.99036;-0.736346;-1.39285e-07;5.55092e-07;2.69611e-13;16;15;0;1
CG;Staly 0.25;0.25;31;-0.568598;1.76864;-1.38883e-07;2.1593e-07;5.52138e-14;15;14;0;1
CG;Staly 0.25;0.25;32;1.43386;1.13843;nan;nan;nan;10001;10000;0;0
CG;Staly 0.25;0.25;33;0.908919;1.28524;2.18231e-07;-2.21976e-07;9.60809e-14;18;17;0;1
CG;Staly 0.25;0.25;34;-1.72714;-1.61566;nan;nan;nan;10001;10000;0;0
CG;Staly 0.25;0.25;35;-1.04731;0.283093;nan;nan;nan;10001;10000;0;0
CG;Staly 0.25;0.25;36;-0.899149;-0.535743;-2.68759e-07;4.04367e-07;1.99298e-13;17;16;0;1
CG;Staly 0.25;0.25;37;1.26569;0.375473;nan;nan;nan;10001;10000;0;0
CG;Staly 0.25;0.25;38;1.22858;-0.178892;nan;nan;nan;10001;10000;0;0
CG;Staly 0.25;0.25;39;0.586027;0.167994;1.35738e-08;-3.16882e-07;9.64812e-14;16;15;0;1
CG;Staly 0.25;0.25;40;0.551249;1.2764;-3.20432e-07;5.25174e-07;3.12879e-13;16;15;0;1
CG;Staly 0.25;0.25;41;-0.409897;0.0709179;-9.37553e-08;3.81156e-07;1.27125e-13;15;14;0;1
CG;Staly 0.25;0.25;42;-0.120018;1.69139;-2.46614e-07;3.44159e-07;1.55208e-13;16;15;0;1
CG;Staly 0.25;0.25;43;-1.02061;-0.219525;nan;nan;nan;10001;10000;0;0
CG;Staly 0.25;0.25;44;-0.470941;0.163253;1.58915e-07;-2.29141e-07;6.65999e-14;16;15;0;1
CG;Staly 0.25;0.25;45;-1.40653;0.513621;nan;nan;nan;10001;10000;0;0
CG;Staly 0.25;0.25;46;-0.600721;-0.329914;1.01416e-09;2.6023e-07;6.79859e-14;16;15;0;1
CG;Staly 0.25;0.25;47;1.15021;-1.82656;nan;nan;nan;10001;10000;0;0
CG;Staly 0.25;0.25;48;1.15616;-0.196574;nan;nan;nan;10001;10000;0;0
CG;Staly 0.25;0.25;49;-0.547469;0.624121;1.61076e-07;-2.35027e-07;6.92716e-14;16;15;0;1
CG;Staly 0.25;0.25;50;1.13781;-0.33553;nan;nan;nan;10001;10000;0;0
CG;Staly 0.25;0.25;51;-0.0610117;-0.577639;1.60257e-07;-3.23543e-07;1.04195e-13;16;15;0;1
CG;Staly 0.25;0.25;52;0.475158;1.85325;-7.37536e-08;3.36643e-07;9.93791e-14;17;16;0;1
CG;Staly 0.25;0.25;53;-0.34177;1.04668;-2.57588e-07;4.94121e-07;2.49579e-13;16;15;0;1
CG;Staly 0.25;0.25;54;0.406993;0.14302;2.59554e-07;-4.6542e-07;2.30551e-13;14;13;0;1
CG;Staly 0.25;0.25;55;-1.07659;0.575912;nan;nan;nan;10001;10000;0;0
CG;Staly 0.25;0.25;56;0.377209;0.00614457;1.0673e-07;-3.4363e-07;1.04189e-13;15;14;0;1
CG;Staly 0.25;0.25;57;1.29386;1.26539;nan;nan;nan;10001;10000;0;0
CG;Staly 0.25;0.25;58;1.11091;1.02509;-7.30324e-08;2.20496e-07;4.31827e-14;19;18;0;1
CG;Staly 0.25;0.25;59;1.21192;-1.87138;nan;nan;nan;10001;10000;0;0
CG;Staly 0.25;0.25;60;1.32974;0.45581;nan;nan;nan;10001;10000;0;0
CG;Staly 0.25;0.25;61;1.93415;-1.17713;nan;nan;nan;10001;10000;0;0
CG;Staly 0.25;0.25;62;-1.25957;-0.991242;nan;nan;nan;10001;10000;0;0
CG;Staly 0.25;0.25;63;-1.20535;-1.28141;-8.1284e-08;1.22247e-07;1.82218e-14;21;20;0;1
CG;Staly 0.25;0.25;64;-0.115665;-1.75191;4.06417e-08;-2.49884e-07;5.55898e-14;17;16;0;1
CG;Staly 0.25;0.25;65;-0.684234;-1.91451;5.79232e-08;-2.17096e-07;4.12662e-14;17;16;0;1
CG;Staly 0.25;0.25;66;-1.87399;-0.878711;nan;nan;nan;10001;10000;0;0
CG;Staly 0.25;0.25;67;0.74985;0.025439;-2.92298e-07;5.22692e-07;2.91301e-13;17;16;0;1
CG;Staly 0.25;0.25;68;1.65497;0.514624;nan;nan;nan;10001;10000;0;0
CG;Staly 0.25;0.25;69;-0.69696;1.81712;7.64326e-08;-2.80073e-07;6.87179e-14;21;20;0;1
CG;Staly 0.25;0.25;70;1.64359;-1.12137;nan;nan;nan;10001;10000;0;0
CG;Staly 0.25;0.25;71;1.94942;1.64728;-3.62139e-07;4.07633e-07;2.80835e-13;16;15;0;1
CG;Staly 0.25;0.25;72;1.93403;1.70045;-2.69237e-07;2.96423e-07;1.53036e-13;16;15;0;1
CG;Staly 0.25;0.25;73;1.25921;-0.389334;nan;nan;nan;10001;10000;0;0
CG;Staly 0.25;0.25;74;0.86797;-1.17599;nan;nan;nan;10001;10000;0;0
CG;Staly 0.25;0.25;75;0.172128;1.82653;-4.03114e-08;2.53167e-07;5.7138e-14;17;16;0;1
CG;Staly 0.25;0.25;76;-1.44492;0.329224;nan;nan;nan;10001;10000;0;0
CG;Staly 0.25;0.25;77;-0.271818;0.037689;-1.19061e-07;3.38677e-07;1.0273e-13;15;14;0;1
CG;Staly 0.25;0.25;78;-0.428182;-1.26028;7.86697e-08;-2.57132e-07;5.8266e-14;17;16;0;1
CG;Staly 0.25;0.25;79;-0.124854;0.993769;-2.60627e-07;4.34482e-07;2.1139e-13;16;15;0;1
CG;Staly 0.25;0.25;80;-1.9827;1.56257;-9.69812e-08;3.38872e-07;1.00781e-13;26;25;0;1
CG;Staly 0.25;0.25;81;-1.29928;1.87909;nan;nan;nan;10001;10000;0;0
CG;Staly 0.25;0.25;82;1.68465;0.0963293;nan;nan;nan;10001;10000;0;0
CG;Staly 0.25;0.25;83;1.35809;-0.31298;nan;nan;nan;10001;10000;0;0
CG;Staly 0.25;0.25;84;0.0804486;-1.4752;3.93613e-08;-2.31594e-07;4.76186e-14;17;16;0;1
CG;Staly 0.25;0.25;85;-1.02235;0.506064;nan;nan;nan;10001;10000;0;0
CG;Staly 0.25;0.25;86;-0.559083;-1.11804;2.51173e-07;-4.11972e-07;1.92421e-13;16;15;0;1
CG;Staly 0.25;0.25;87;0.578417;1.83066;-6.82594e-08;2.89528e-07;7.33824e-14;17;16;0;1
CG;Staly 0.25;0.25;88;1.49795;-0.95746;nan;nan;nan;10001;10000;0;0
CG;Staly 0.25;0.25;89;0.525393;-0.618144;-1.13737e-07;1.53709e-07;3.20164e-14;16;15;0;1
CG;Staly 0.25;0.25;90;0.952004;-0.494497;nan;nan;nan;10001;10000;0;0
CG;Staly 0.25;0.25;91;-1.77904;-1.70689;-1.48623e-07;5.42056e-07;2.5744e-13;25;24;0;1
CG;Staly 0.25;0.25;92;1.89059;-0.157036;nan;nan;nan;10001;10000;0;0
CG;Staly 0.25;0.25;93;0.202847;-0.0345356;7.44029e-08;-2.66391e-07;6.22154e-14;15;14;0;1
CG;Staly 0.25;0.25;94;-0.721601;-1.23803;3.51531e-07;-4.24654e-07;2.782e-13;16;15;0;1
CG;Staly 0.25;0.25;95;1.55356;-0.236317;nan;nan;nan;10001;10000;0;0
CG;Staly 0.25;0.25;96;0.781751;-0.633152;-2.30395e-07;3.24311e-07;1.36622e-13;16;15;0;1
CG;Staly 0.25;0.25;97;-0.553144;-0.838655;1.63914e-07;-2.69349e-07;8.21342e-14;16;15;0;1
CG;Staly 0.25;0.25;98;-0.120588;-0.574548;1.32164e-07;-3.46907e-07;1.09431e-13;16;15;0;1
CG;Staly 0.25;0.25;99;1.67381;-1.8997;nan;nan;nan;10001;10000;0;0
CG;Staly 0.25;0.25;100;0.220816;-1.02115;2.54524e-07;-4.40697e-07;2.11611e-13;16;15;0;1
CG;Zmienny;0;1;-0.319611;1.92647;-1.10545e-07;7.00572e-08;2.16038e-14;353;11;0;1
CG;Zmienny;0;2;-0.504542;-1.11713;6.22856e-08;-4.67547e-07;1.97238e-13;257;8;0;1
CG;Zmienny;0;3;-1.94182;-1.41463;1.12308e-08;8.37917e-10;2.62376e-16;225;7;0;1
CG;Zmienny;0;4;1.00188;-0.0873675;9.49751e-07;-2.26874e-06;4.7965e-12;2721;85;0;1
CG;Zmienny;0;5;-1.7739;0.137154;-1.74755;0.873776;0.298638;353;11;0;1
CG;Zmienny;0;6;-0.052814;1.17268;-1.47239e-08;2.88028e-08;8.391e-16;225;7;0;1
CG;Zmienny;0;7;-0.727136;-0.558241;1.99435e-08;-4.18254e-08;1.7107e-15;257;8;0;1
CG;Zmienny;0;8;-1.76264;-1.65504;-2.0388e-07;2.17376e-07;8.60678e-14;577;18;0;1
CG;Zmienny;0;9;1.42055;-1.3403;1.74755;-0.873776;0.298638;353;11;0;1
CG;Zmienny;0;10;-0.609583;-1.94618;4.13936e-09;-2.03269e-08;3.63313e-16;321;10;0;1
CG;Zmienny;0;11;-1.79949;0.00847795;-1.74755;0.873777;0.298638;481;15;0;1
CG;Zmienny;0;12;-0.394064;1.31691;-2.28028e-09;-1.83022e-09;1.79225e-17;193;6;0;1
CG;Zmienny;0;13;-1.70066;-1.19943;7.54508e-06;-2.4127e-06;1.01474e-10;10017;313;0;0
CG;Zmienny;0;14;0.0427069;-1.15833;6.91573e-09;-1.39388e-08;1.93549e-16;225;7;0;1
CG;Zmienny;0;15;-0.494545;-1.1863;4.00648e-08;-4.09215e-07;1.54272e-13;257;8;0;1
CG;Zmienny;0;16;1.71473;0.128418;1.74755;-0.873776;0.298638;353;11;0;1
CG;Zmienny;0;17;1.23411;1.81914;1.7938e-07;-1.60655e-07;6.13461e-14;577;18;0;1
CG;Zmienny;0;18;0.512957;-1.52608;2.122e-07;-3.82305e-07;1.5509e-13;161;5;0;1
CG;Zmienny;0;19;0.242073;0.975962;-2.9176e-09;-1.25489e-09;2.22609e-17;193;6;0;1
CG;Zmienny;0;20;0.162441;-1.04787;-2.58564e-08;-4.56299e-08;4.59902e-15;257;8;0;1
CG;Zmienny;0;21;0.853264;0.781966;1.19427e-08;-3.09866e-08;8.75362e-16;353;11;0;1
CG;Zmienny;0;22;0.915426;-0.865609;8.58969e-07;-2.74237e-06;6.64065e-12;2561;80;0;1
CG;Zmienny;0;23;-1.47152;-1.29699;-1.74755;0.87378;0.298638;2177;68;0;1
CG;Zmienny;0;24;-1.23142;-0.480793;-1.88279;2.19692;2.00967;10017;313;0;0
CG;Zmienny;0;25;1.22369;-0.853156;1.74755;-0.87378;0.298638;961;30;0;1
CG;Zmienny;0;26;-1.28376;0.00939538;-1.74755;0.873777;0.298638;1153;36;0;1
CG;Zmienny;0;27;1.03838;-1.26587;1.74755;-0.87378;0.298638;1985;62;0;1
CG;Zmienny;0;28;1.50063;0.45646;1.74755;-0.873776;0.298638;321;10;0;1
CG;Zmienny;0;29;1.12467;-1.95327;1.74755;-0.873776;0.298638;225;7;0;1
CG;Zmienny;0;30;-1.99036;-0.736346;3.11701e-09;-9.97967e-09;8.79185e-17;257;8;0;1
CG;Zmienny;0;31;-0.568598;1.76864;-9.11153e-09;3.25024e-07;1.02845e-13;321;10;0;1
CG;Zmienny;0;32;1.43386;1.13843;1.74755;-0.873778;0.298638;1473;46;0;1
CG;Zmienny;0;33;0.908919;1.28524;4.65732e-08;-1.31744e-07;1.55588e-14;193;6;0;1
CG;Zmienny;0;34;-1.72714;-1.61566;2.28122e-07;-2.89542e-07;1.21863e-13;737;23;0;1
CG;Zmienny;0;35;-1.04731;0.283093;1.74755;-0.873785;0.298638;5953;186;0;1
CG;Zmienny;0;36;-0.899149;-0.535743;2.39328e-07;-5.21881e-07;2.62015e-13;481;15;0;1
CG;Zmienny;0;37;1.26569;0.375473;1.74755;-0.873777;0.298638;961;30;0;1
CG;Zmienny;0;38;1.22858;-0.178892;1.74755;-0.873779;0.298638;2401;75;0;1
CG;Zmienny;0;39;0.586027;0.167994;3.37307e-08;4.12624e-08;5.36991e-15;289;9;0;1
CG;Zmienny;0;40;0.551249;1.2764;-5.24345e-08;1.69634e-08;4.89705e-15;289;9;0;1
CG;Zmienny;0;41;-0.409897;0.0709179;4.35636e-08;-1.55326e-07;2.1155e-14;257;8;0;1
CG;Zmienny;0;42;-0.120018;1.69139;-4.20917e-08;3.81113e-08;3.39173e-15;289;9;0;1
CG;Zmienny;0;43;-1.02061;-0.219525;-6.73861e-07;1.01666e-06;1.25669e-12;1409;44;0;1
CG;Zmienny;0;44;-0.470941;0.163253;-1.79096e-08;2.97775e-08;9.94903e-16;321;10;0;1
CG;Zmienny;0;45;-1.40653;0.513621;-1.74755;0.873776;0.298638;353;11;0;1
CG;Zmienny;0;46;-0.600721;-0.329914;3.36994e-09;-8.75315e-09;6.9833e-17;257;8;0;1
CG;Zmienny;0;47;1.15021;-1.82656;1.74755;-0.873776;0.298638;225;7;0;1
CG;Zmienny;0;48;1.15616;-0.196574;1.74755;-0.873775;0.298638;353;11;0;1
CG;Zmienny;0;49;-0.547469;0.624121;-3.72624e-08;4.32859e-08;3.03771e-15;321;10;0;1
CG;Zmienny;0;50;1.13781;-0.33553;1.74755;-0.873782;0.298638;3457;108;0;1
CG;Zmienny;0;51;-0.0610117;-0.577639;3.61196e-09;1.58727e-09;3.43451e-17;193;6;0;1
CG;Zmienny;0;52;0.475158;1.85325;1.10816e-08;-3.26754e-08;9.51191e-16;225;7;0;1
CG;Zmienny;0;53;-0.34177;1.04668;5.86795e-08;2.02328e-09;7.00938e-15;257;8;0;1
CG;Zmienny;0;54;0.406993;0.14302;-2.99468e-09;-1.19672e-07;1.46976e-14;193;6;0;1
CG;Zmienny;0;55;-1.07659;0.575912;1.89475;-2.54074;3.00024;10017;313;0;0
CG;Zmienny;0;56;0.377209;0.00614457;-3.93818e-09;1.70248e-08;2.53814e-16;257;8;0;1
CG;Zmienny;0;57;1.29386;1.26539;7.078e-07;-1.24904e-06;1.678e-12;1441;45;0;1
CG;Zmienny;0;58;1.11091;1.02509;-2.00348e-07;2.46227e-07;9.15754e-14;737;23;0;1
CG;Zmienny;0;59;1.21192;-1.87138;1.74755;-0.873776;0.298638;449;14;0;1
CG;Zmienny;0;60;1.32974;0.45581;1.74755;-0.873776;0.298638;321;10;0;1
CG;Zmienny;0;61;1.93415;-1.17713;-2.82063e-07;7.59922e-07;5.22255e-13;449;14;0;1
CG;Zmienny;0;62;-1.25957;-0.991242;8.14969e-07;-1.56061e-06;2.49199e-12;2369;74;0;1
CG;Zmienny;0;63;-1.20535;-1.28141;3.13664e-07;-9.10906e-07;7.40802e-13;801;25;0;1
CG;Zmienny;0;64;-0.115665;-1.75191;1.29558e-08;-2.29794e-08;5.66044e-16;321;10;0;1
CG;Zmienny;0;65;-0.684234;-1.91451;2.59849e-08;-1.38756e-07;1.6998e-14;321;10;0;1
CG;Zmienny;0;66;-1.87399;-0.878711;4.20074e-08;-8.94372e-08;7.77123e-15;449;14;0;1
CG;Zmienny;0;67;0.74985;0.025439;-1.95964e-07;5.82841e-07;3.02292e-13;481;15;0;1
CG;Zmienny;0;68;1.65497;0.514624;1.74755;-0.873776;0.298638;417;13;0;1
CG;Zmienny;0;69;-0.69696;1.81712;-8.76727e-08;1.1116e-07;1.79839e-14;353;11;0;1
CG;Zmienny;0;70;1.64359;-1.12137;1.74755;-0.873776;0.298638;257;8;0;1
CG;Zmienny;0;71;1.94942;1.64728;-2.55786e-08;1.14412e-07;1.14722e-14;193;6;0;1
CG;Zmienny;0;72;1.93403;1.70045;-2.0572e-10;7.95017e-10;5.53143e-19;193;6;0;1
CG;Zmienny;0;73;1.25921;-0.389334;1.74755;-0.873776;0.298638;449;14;0;1
CG;Zmienny;0;74;0.86797;-1.17599;-6.05371e-08;1.22498e-07;1.49195e-14;417;13;0;1
CG;Zmienny;0;75;0.172128;1.82653;-6.04895e-08;1.37989e-07;1.8012e-14;321;10;0;1
CG;Zmienny;0;76;-1.44492;0.329224;-1.74755;0.873776;0.298638;417;13;0;1
CG;Zmienny;0;77;-0.271818;0.037689;3.52327e-09;-4.17737e-09;2.75592e-17;225;7;0;1
CG;Zmienny;0;78;-0.428182;-1.26028;-8.3097e-09;-5.33767e-08;3.43072e-15;257;8;0;1
CG;Zmienny;0;79;-0.124854;0.993769;1.28782e-08;2.05912e-08;1.02087e-15;257;8;0;1
CG;Zmienny;0;80;-1.9827;1.56257;-5.46461e-08;1.2977e-07;1.57213e-14;321;10;0;1
CG;Zmienny;0;81;-1.29928;1.87909;-1.74755;0.873776;0.298638;449;14;0;1
CG;Zmienny;0;82;1.68465;0.0963293;1.74755;-0.873776;0.298638;321;10;0;1
CG;Zmienny;0;83;1.35809;-0.31298;1.74755;-0.873776;0.298638;481;15;0;1
CG;Zmienny;0;84;0.0804486;-1.4752;-3.57326e-08;-8.01399e-08;1.18396e-14;257;8;0;1
CG;Zmienny;0;85;-1.02235;0.506064;2.02113;-2.78323;4.13069;10017;313;0;0
CG;Zmienny;0;86;-0.559083;-1.11804;5.34107e-08;-1.44744e-08;5.14182e-15;289;9;0;1
CG;Zmienny;0;87;0.578417;1.83066;-2.26934e-08;1.33729e-08;9.05339e-16;289;9;0;1
CG;Zmienny;0;88;1.49795;-0.95746;1.74755;-0.873776;0.298638;193;6;0;1
CG;Zmienny;0;89;0.525393;-0.618144;3.14212e-08;-3.56885e-08;2.12688e-15;321;10;0;1
CG;Zmienny;0;90;0.952004;-0.494497;-1.86303;-1.41406;5.89539;10017;313;0;0
CG;Zmienny;0;91;-1.77904;-1.70689;-8.67178e-08;-4.21833e-07;2.29564e-13;513;16;0;1
CG;Zmienny;0;92;1.89059;-0.157036;1.42895e-07;-1.19115e-07;3.80053e-14;545;17;0;1
CG;Zmienny;0;93;0.202847;-0.0345356;-2.34455e-08;-2.41998e-08;2.25239e-15;193;6;0;1
CG;Zmienny;0;94;-0.721601;-1.23803;3.77927e-09;-2.84286e-08;7.29314e-16;321;10;0;1
CG;Zmienny;0;95;1.55356;-0.236317;1.74755;-0.873776;0.298638;449;14;0;1
CG;Zmienny;0;96;0.781751;-0.633152;1.43984e-07;-1.74939e-07;4.68781e-14;321;10;0;1
CG;Zmienny;0;97;-0.553144;-0.838655;6.74674e-08;-2.98843e-07;7.82486e-14;257;8;0;1
CG;Zmienny;0;98;-0.120588;-0.574548;3.43896e-08;-7.86928e-08;5.85163e-15;161;5;0;1
CG;Zmienny;0;99;1.67381;-1.8997;1.74755;-0.873777;0.298638;257;8;0;1
CG;Zmienny;0;100;0.220816;-1.02115;5.66914e-08;-1.08259e-07;1.20104e-14;225;7;0;1
Newton;Staly 0.05;0.05;1;-0.319611;1.92647;-2.70403e-06;1.85297e-05;3.0787e-10;226;225;225;1
Newton;Staly 0.05;0.05;2;-0.504542;-1.11713;-4.93927e-06;-1.76006e-05;4.45509e-10;218;217;217;1
Newton;Staly 0.05;0.05;3;-1.94182;-1.41463;-1.74756;0.873758;0.298638;229;228;228;1
Newton;Staly 0.05;0.05;4;1.00188;-0.0873675;1.07054;-0.535253;0.877362;198;197;197;1
Newton;Staly 0.05;0.05;5;-1.7739;0.137154;-1.74755;0.873757;0.298638;207;206;206;1
Newton;Staly 0.05;0.05;6;-0.052814;1.17268;-8.11851e-07;1.80902e-05;3.13887e-10;217;216;216;1
Newton;Staly 0.05;0.05;7;-0.727136;-0.558241;-1.07054;0.535253;0.877362;215;214;214;1
Newton;Staly 0.05;0.05;8;-1.76264;-1.65504;-1.74755;0.873758;0.298638;232;231;231;1
Newton;Staly 0.05;0.05;9;1.42055;-1.3403;1.07055;-0.535288;0.877362;210;209;209;1
Newton;Staly 0.05;0.05;10;-0.609583;-1.94618;-1.07054;0.535252;0.877362;230;229;229;1
Newton;Staly 0.05;0.05;11;-1.79949;0.00847795;-1.74755;0.873758;0.298638;211;210;210;1
Newton;Staly 0.05;0.05;12;-0.394064;1.31691;-4.41065e-06;1.77978e-05;2.77169e-10;219;218;218;1
Newton;Staly 0.05;0.05;13;-1.70066;-1.19943;-1.74755;0.873758;0.298638;228;227;227;1
Newton;Staly 0.05;0.05;14;0.0427069;-1.15833;6.91905e-07;-1.88101e-05;3.41761e-10;216;215;215;1
Newton;Staly 0.05;0.05;15;-0.494545;-1.1863;-4.71949e-06;-1.76005e-05;4.37388e-10;219;218;218;1
Newton;Staly 0.05;0.05;16;1.71473;0.128418;1.74755;-0.873757;0.298638;213;212;212;1
Newton;Staly 0.05;0.05;17;1.23411;1.81914;1.07054;-0.535252;0.877362;230;229;229;1
Newton;Staly 0.05;0.05;18;0.512957;-1.52608;4.18918e-06;-1.80483e-05;2.85231e-10;221;220;220;1
Newton;Staly 0.05;0.05;19;0.242073;0.975962;4.0289e-06;1.7725e-05;4.1805e-10;214;213;213;1
Newton;Staly 0.05;0.05;20;0.162441;-1.04787;2.68238e-06;-1.78654e-05;2.85643e-10;215;214;214;1
Newton;Staly 0.05;0.05;21;0.853264;0.781966;1.07054;-0.535253;0.877362;219;218;218;1
Newton;Staly 0.05;0.05;22;0.915426;-0.865609;1.07054;-0.535288;0.877362;194;193;193;1
Newton;Staly 0.05;0.05;23;-1.47152;-1.29699;-1.07054;0.535252;0.877362;226;225;225;1
Newton;Staly 0.05;0.05;24;-1.23142;-0.480793;-1.07055;0.535253;0.877362;214;213;213;1
Newton;Staly 0.05;0.05;25;1.22369;-0.853156;1.07055;-0.535288;0.877362;193;192;192;1
Newton;Staly 0.05;0.05;26;-1.28376;0.00939538;-1.07055;0.535254;0.877362;202;201;201;1
Newton;Staly 0.05;0.05;27;1.03838;-1.26587;1.07054;-0.53529;0.877362;207;206;206;1
Newton;Staly 0.05;0.05;28;1.50063;0.45646;1.74755;-0.873758;0.298638;218;217;217;1
Newton;Staly 0.05;0.05;29;1.12467;-1.95327;1.07054;-0.53529;0.877362;220;219;219;1
Newton;Staly 0.05;0.05;30;-1.99036;-0.736346;-1.74756;0.873758;0.298638;222;221;221;1
Newton;Staly 0.05;0.05;31;-0.568598;1.76864;-1.74755;0.873794;0.298638;222;221;221;1
Newton;Staly 0.05;0.05;32;1.43386;1.13843;1.07055;-0.535253;0.877362;224;223;223;1
Newton;Staly 0.05;0.05;33;0.908919;1.28524;1.07054;-0.535253;0.877362;225;224;224;1
Newton;Staly 0.05;0.05;34;-1.72714;-1.61566;-1.74755;0.873757;0.298638;231;230;230;1
Newton;Staly 0.05;0.05;35;-1.04731;0.283093;-1.07054;0.535253;0.877362;187;186;186;1
Newton;Staly 0.05;0.05;36;-0.899149;-0.535743;-1.07054;0.535253;0.877362;215;214;214;1
Newton;Staly 0.05;0.05;37;1.26569;0.375473;1.07055;-0.535253;0.877362;212;211;211;1
Newton;Staly 0.05;0.05;38;1.22858;-0.178892;1.07055;-0.535254;0.877362;195;194;194;1
Newton;Staly 0.05;0.05;39;0.586027;0.167994;1.07054;-0.535253;0.877362;203;202;202;1
Newton;Staly 0.05;0.05;40;0.551249;1.2764;8.83811e-07;1.80855e-05;3.44632e-10;222;221;221;1
Newton;Staly 0.05;0.05;41;-0.409897;0.0709179;-1.89095e-05;1.60802e-06;6.87317e-10;191;190;190;1
Newton;Staly 0.05;0.05;42;-0.120018;1.69139;-1.26897e-06;1.82105e-05;3.11734e-10;224;223;223;1
Newton;Staly 0.05;0.05;43;-1.02061;-0.219525;-1.07054;0.535253;0.877362;208;207;207;1
Newton;Staly 0.05;0.05;44;-0.470941;0.163253;-1.78863e-05;5.12747e-06;5.74418e-10;193;192;192;1
Newton;Staly 0.05;0.05;45;-1.40653;0.513621;-1.07056;0.535268;0.877362;189;188;188;1
Newton;Staly 0.05;0.05;46;-0.600721;-0.329914;-1.07054;0.535254;0.877362;209;208;208;1
Newton;Staly 0.05;0.05;47;1.15021;-1.82656;1.07054;-0.53529;0.877362;218;217;217;1
Newton;Staly 0.05;0.05;48;1.15616;-0.196574;1.07055;-0.535253;0.877362;193;192;192;1
Newton;Staly 0.05;0.05;49;-0.547469;0.624121;-6.9775e-06;1.70976e-05;2.704e-10;199;198;198;1
Newton;Staly 0.05;0.05;50;1.13781;-0.33553;1.07055;-0.535254;0.877362;183;182;182;1
Newton;Staly 0.05;0.05;51;-0.0610117;-0.577639;-1.92081e-06;-1.82783e-05;3.76584e-10;203;202;202;1
Newton;Staly 0.05;0.05;52;0.475158;1.85325;3.29563e-06;1.86818e-05;4.323e-10;226;225;225;1
Newton;Staly 0.05;0.05;53;-0.34177;1.04668;-4.97654e-06;1.74594e-05;2.67475e-10;215;214;214;1
Newton;Staly 0.05;0.05;54;0.406993;0.14302;1.61582e-05;9.31409e-06;7.5943e-10;194;193;193;1
Newton;Staly 0.05;0.05;55;-1.07659;0.575912;-1.07055;0.53529;0.877362;151;150;150;1
Newton;Staly 0.05;0.05;56;0.377209;0.00614457;1.81099e-05;2.3465e-06;7.03939e-10;191;190;190;1
Newton;Staly 0.05;0.05;57;1.29386;1.26539;1.07054;-0.535253;0.877362;225;224;224;1
Newton;Staly 0.05;0.05;58;1.11091;1.02509;1.07054;-0.535253;0.877362;222;221;221;1
Newton;Staly 0.05;0.05;59;1.21192;-1.87138;1.07054;-0.53529;0.877362;219;218;218;1
Newton;Staly 0.05;0.05;60;1.32974;0.45581;1.07055;-0.535253;0.877362;214;213;213;1
Newton;Staly 0.05;0.05;61;1.93415;-1.17713;1.74756;-0.87379;0.298638;199;198;198;1
Newton;Staly 0.05;0.05;62;-1.25957;-0.991242;-1.07054;0.535253;0.877362;222;221;221;1
Newton;Staly 0.05;0.05;63;-1.20535;-1.28141;-1.07054;0.535253;0.877362;225;224;224;1
Newton;Staly 0.05;0.05;64;-0.115665;-1.75191;-1.2246e-06;-1.88853e-05;3.82782e-10;224;223;223;1
Newton;Staly 0.05;0.05;65;-0.684234;-1.91451;-1.07054;0.535253;0.877362;231;230;230;1
Newton;Staly 0.05;0.05;66;-1.87399;-0.878711;-1.74755;0.873758;0.298638;224;223;223;1
Newton;Staly 0.05;0.05;67;0.74985;0.025439;1.07053;-0.535255;0.877362;203;202;202;1
Newton;Staly 0.05;0.05;68;1.65497;0.514624;1.74755;-0.873758;0.298638;220;219;219;1
Newton;Staly 0.05;0.05;69;-0.69696;1.81712;-1.07054;0.53529;0.877362;219;218;218;1
Newton;Staly 0.05;0.05;70;1.64359;-1.12137;1.74755;-0.873794;0.298638;188;187;187;1
Newton;Staly 0.05;0.05;71;1.94942;1.64728;1.74755;-0.873758;0.298638;231;230;230;1
Newton;Staly 0.05;0.05;72;1.93403;1.70045;1.74755;-0.873758;0.298638;232;231;231;1
Newton;Staly 0.05;0.05;73;1.25921;-0.389334;1.07056;-0.535259;0.877362;185;184;184;1
Newton;Staly 0.05;0.05;74;0.86797;-1.17599;1.07054;-0.535289;0.877362;206;205;205;1
Newton;Staly 0.05;0.05;75;0.172128;1.82653;1.6945e-06;1.87281e-05;3.88219e-10;225;224;224;1
Newton;Staly 0.05;0.05;76;-1.44492;0.329224;-1.07056;0.535259;0.877362;195;194;194;1
Newton;Staly 0.05;0.05;77;-0.271818;0.037689;-1.86247e-05;1.88101e-06;6.62261e-10;186;185;185;1
Newton;Staly 0.05;0.05;78;-0.428182;-1.26028;-4.58311e-06;-1.82368e-05;4.58171e-10;219;218;218;1
Newton;Staly 0.05;0.05;79;-0.124854;0.993769;-2.31725e-06;1.87992e-05;3.20588e-10;213;212;212;1
Newton;Staly 0.05;0.05;80;-1.9827;1.56257;-1.74756;0.873793;0.298638;211;210;210;1
Newton;Staly 0.05;0.05;81;-1.29928;1.87909;-1.07055;0.53529;0.877362;219;218;218;1
Newton;Staly 0.05;0.05;82;1.68465;0.0963293;1.74755;-0.873758;0.298638;213;212;212;1
Newton;Staly 0.05;0.05;83;1.35809;-0.31298;1.07056;-0.535259;0.877362;193;192;192;1
Newton;Staly 0.05;0.05;84;0.0804486;-1.4752;1.00244e-06;-1.85329e-05;3.26901e-10;221;220;220;1
Newton;Staly 0.05;0.05;85;-1.02235;0.506064;-1.07053;0.535262;0.877362;157;156;156;1
Newton;Staly 0.05;0.05;86;-0.559083;-1.11804;1.07054;-0.53529;0.877362;218;217;217;1
Newton;Staly 0.05;0.05;87;0.578417;1.83066;1.07054;-0.535252;0.877362;228;227;227;1
Newton;Staly 0.05;0.05;88;1.49795;-0.95746;1.74755;-0.873793;0.298638;181;180;180;1
Newton;Staly 0.05;0.05;89;0.525393;-0.618144;9.64353e-06;-1.55041e-05;2.76859e-10;204;203;203;1
Newton;Staly 0.05;0.05;90;0.952004;-0.494497;1.07052;-0.535265;0.877362;172;171;171;1
Newton;Staly 0.05;0.05;91;-1.77904;-1.70689;-1.74755;0.873758;0.298638;232;231;231;1
Newton;Staly 0.05;0.05;92;1.89059;-0.157036;1.74756;-0.873759;0.298638;207;206;206;1
Newton;Staly 0.05;0.05;93;0.202847;-0.0345356;1.78462e-05;-2.70985e-06;5.95957e-10;182;181;181;1
Newton;Staly 0.05;0.05;94;-0.721601;-1.23803;-1.07054;0.535253;0.877362;224;223;223;1
Newton;Staly 0.05;0.05;95;1.55356;-0.236317;1.74755;-0.873758;0.298638;204;203;203;1
Newton;Staly 0.05;0.05;96;0.781751;-0.633152;1.07053;-0.53528;0.877362;187;186;186;1
Newton;Staly 0.05;0.05;97;-0.553144;-0.838655;2.12873e-07;-1.82173e-05;3.28082e-10;216;215;215;1
Newton;Staly 0.05;0.05;98;-0.120588;-0.574548;-3.74315e-06;-1.82117e-05;4.27856e-10;203;202;202;1
Newton;Staly 0.05;0.05;99;1.67381;-1.8997;1.74755;-0.873795;0.298638;214;213;213;1
Newton;Staly 0.05;0.05;100;0.220816;-1.02115;3.72474e-06;-1.82503e-05;2.92843e-10;214;213;213;1
Newton;Staly 0.25;0.25;1;-0.319611;1.92647;-3.46658e-07;2.54489e-06;5.83459e-12;48;47;47;1
Newton;Staly 0.25;0.25;2;-0.504542;-1.11713;1.44372e-08;-2.45825e-06;6.00791e-12;47;46;46;1
Newton;Staly 0.25;0.25;3;-1.94182;-1.41463;-1.74755;0.873774;0.298638;49;48;48;1
Newton;Staly 0.25;0.25;4;1.00188;-0.0873675;1.07054;-0.535269;0.877362;43;42;42;1
Newton;Staly 0.25;0.25;5;-1.7739;0.137154;-1.74755;0.873774;0.298638;45;44;44;1
Newton;Staly 0.25;0.25;6;-0.052814;1.17268;-1.25396e-07;2.79825e-06;7.51078e-12;46;45;45;1
Newton;Staly 0.25;0.25;7;-0.727136;-0.558241;-1.07054;0.535269;0.877362;46;45;45;1
Newton;Staly 0.25;0.25;8;-1.76264;-1.65504;-1.74755;0.873774;0.298638;49;48;48;1
Newton;Staly 0.25;0.25;9;1.42055;-1.3403;1.07054;-0.535273;0.877362;45;44;44;1
Newton;Staly 0.25;0.25;10;-0.609583;-1.94618;-1.07054;0.535268;0.877362;48;47;47;1
Newton;Staly 0.25;0.25;11;-1.79949;0.00847795;-1.74755;0.873773;0.298638;45;44;44;1
Newton;Staly 0.25;0.25;12;-0.394064;1.31691;-4.853e-07;2.24706e-06;4.42982e-12;47;46;46;1
Newton;Staly 0.25;0.25;13;-1.70066;-1.19943;-1.74755;0.873773;0.298638;48;47;47;1
Newton;Staly 0.25;0.25;14;0.0427069;-1.15833;1.01579e-07;-2.76417e-06;7.38047e-12;46;45;45;1
Newton;Staly 0.25;0.25;15;-0.494545;-1.1863;-1.37804e-07;-2.49698e-06;6.617e-12;47;46;46;1
Newton;Staly 0.25;0.25;16;1.71473;0.128418;1.74755;-0.873774;0.298638;46;45;45;1
Newton;Staly 0.25;0.25;17;1.23411;1.81914;1.07054;-0.535269;0.877362;49;48;48;1
Newton;Staly 0.25;0.25;18;0.512957;-1.52608;-2.58808e-07;-2.90047e-06;9.29735e-12;46;45;45;1
Newton;Staly 0.25;0.25;19;0.242073;0.975962;5.1532e-07;2.3603e-06;7.31843e-12;46;45;45;1
Newton;Staly 0.25;0.25;20;0.162441;-1.04787;3.68923e-07;-2.49135e-06;5.55993e-12;46;45;45;1
Newton;Staly 0.25;0.25;21;0.853264;0.781966;1.07054;-0.535269;0.877362;47;46;46;1
Newton;Staly 0.25;0.25;22;0.915426;-0.865609;1.07054;-0.535274;0.877362;42;41;41;1
Newton;Staly 0.25;0.25;23;-1.47152;-1.29699;-1.88173e-07;-2.63466e-06;7.50802e-12;48;47;47;1
Newton;Staly 0.25;0.25;24;-1.23142;-0.480793;-1.07054;0.535269;0.877362;46;45;45;1
Newton;Staly 0.25;0.25;25;1.22369;-0.853156;1.07054;-0.535274;0.877362;42;41;41;1
Newton;Staly 0.25;0.25;26;-1.28376;0.00939538;-1.07054;0.535269;0.877362;44;43;43;1
Newton;Staly 0.25;0.25;27;1.03838;-1.26587;1.07054;-0.535273;0.877362;45;44;44;1
Newton;Staly 0.25;0.25;28;1.50063;0.45646;1.74756;-0.873776;0.298638;48;47;47;1
Newton;Staly 0.25;0.25;29;1.12467;-1.95327;1.07054;-0.535274;0.877362;47;46;46;1
Newton;Staly 0.25;0.25;30;-1.99036;-0.736346;-1.74755;0.873774;0.298638;47;46;46;1
Newton;Staly 0.25;0.25;31;-0.568598;1.76864;-1.74755;0.873777;0.298638;75;74;74;1
Newton;Staly 0.25;0.25;32;1.43386;1.13843;1.07054;-0.535269;0.877362;48;47;47;1
Newton;Staly 0.25;0.25;33;0.908919;1.28524;1.07054;-0.535269;0.877362;48;47;47;1
Newton;Staly 0.25;0.25;34;-1.72714;-1.61566;-1.74755;0.873774;0.298638;49;48;48;1
Newton;Staly 0.25;0.25;35;-1.04731;0.283093;-1.07054;0.535269;0.877362;41;40;40;1
Newton;Staly 0.25;0.25;36;-0.899149;-0.535743;-1.07054;0.535269;0.877362;46;45;45;1
Newton;Staly 0.25;0.25;37;1.26569;0.375473;1.07054;-0.535268;0.877362;45;44;44;1
Newton;Staly 0.25;0.25;38;1.22858;-0.178892;1.07054;-0.535268;0.877362;42;41;41;1
Newton;Staly 0.25;0.25;39;0.586027;0.167994;1.74755;-0.873775;0.298638;43;42;42;1
Newton;Staly 0.25;0.25;40;0.551249;1.2764;-1.74755;0.873779;0.298638;47;46;46;1
Newton;Staly 0.25;0.25;41;-0.409897;0.0709179;-2.68872e-06;-3.53018e-09;1.44679e-11;41;40;40;1
Newton;Staly 0.25;0.25;42;-0.120018;1.69139;-1.56865e-07;2.26839e-06;4.83898e-12;48;47;47;1
Newton;Staly 0.25;0.25;43;-1.02061;-0.219525;-1.07054;0.535269;0.877362;45;44;44;1
Newton;Staly 0.25;0.25;44;-0.470941;0.163253;-2.52446e-06;2.93888e-07;1.20902e-11;40;39;39;1
Newton;Staly 0.25;0.25;45;-1.40653;0.513621;-1.07054;0.53527;0.877362;41;40;40;1
Newton;Staly 0.25;0.25;46;-0.600721;-0.329914;-1.07054;0.535269;0.877362;44;43;43;1
Newton;Staly 0.25;0.25;47;1.15021;-1.82656;1.07054;-0.535273;0.877362;47;46;46;1
Newton;Staly 0.25;0.25;48;1.15616;-0.196574;1.07054;-0.535269;0.877362;42;41;41;1
Newton;Staly 0.25;0.25;49;-0.547469;0.624121;1.07054;-0.53527;0.877362;42;41;41;1
Newton;Staly 0.25;0.25;50;1.13781;-0.33553;1.07054;-0.535268;0.877362;40;39;39;1
Newton;Staly 0.25;0.25;51;-0.0610117;-0.577639;-2.57088e-07;-2.45159e-06;6.77273e-12;44;43;43;1
Newton;Staly 0.25;0.25;52;0.475158;1.85325;2.34286e-07;2.68956e-06;7.97366e-12;48;47;47;1
Newton;Staly 0.25;0.25;53;-0.34177;1.04668;-6.34401e-07;2.40727e-06;5.07269e-12;46;45;45;1
Newton;Staly 0.25;0.25;54;0.406993;0.14302;2.02381e-06;1.60168e-06;1.39985e-11;42;41;41;1
Newton;Staly 0.25;0.25;55;-1.07659;0.575912;-1.07054;0.535273;0.877362;35;34;34;1
Newton;Staly 0.25;0.25;56;0.377209;0.00614457;2.7342e-06;5.9141e-07;1.69185e-11;41;40;40;1
Newton;Staly 0.25;0.25;57;1.29386;1.26539;1.07054;-0.535269;0.877362;48;47;47;1
Newton;Staly 0.25;0.25;58;1.11091;1.02509;1.07054;-0.535268;0.877362;47;46;46;1
Newton;Staly 0.25;0.25;59;1.21192;-1.87138;1.07054;-0.535274;0.877362;47;46;46;1
Newton;Staly 0.25;0.25;60;1.32974;0.45581;1.07054;-0.535269;0.877362;46;45;45;1
Newton;Staly 0.25;0.25;61;1.93415;-1.17713;1.74755;-0.873778;0.298638;43;42;42;1
Newton;Staly 0.25;0.25;62;-1.25957;-0.991242;-1.07054;0.535268;0.877362;47;46;46;1
Newton;Staly 0.25;0.25;63;-1.20535;-1.28141;-1.07054;0.535269;0.877362;48;47;47;1
Newton;Staly 0.25;0.25;64;-0.115665;-1.75191;-1.51467e-07;-2.35366e-06;5.94208e-12;48;47;47;1
Newton;Staly 0.25;0.25;65;-0.684234;-1.91451;-1.07054;0.535269;0.877362;49;48;48;1
Newton;Staly 0.25;0.25;66;-1.87399;-0.878711;-1.74755;0.873774;0.298638;48;47;47;1
Newton;Staly 0.25;0.25;67;0.74985;0.025439;1.07054;-0.535269;0.877362;44;43;43;1
Newton;Staly 0.25;0.25;68;1.65497;0.514624;1.74755;-0.873774;0.298638;47;46;46;1
Newton;Staly 0.25;0.25;69;-0.69696;1.81712;-1.07054;0.535274;0.877362;47;46;46;1
Newton;Staly 0.25;0.25;70;1.64359;-1.12137;1.74755;-0.873779;0.298638;41;40;40;1
Newton;Staly 0.25;0.25;71;1.94942;1.64728;1.74755;-0.873774;0.298638;49;48;48;1
Newton;Staly 0.25;0.25;72;1.93403;1.70045;1.74755;-0.873774;0.298638;49;48;48;1
Newton;Staly 0.25;0.25;73;1.25921;-0.389334;1.07054;-0.53527;0.877362;41;40;40;1
Newton;Staly 0.25;0.25;74;0.86797;-1.17599;1.07054;-0.535274;0.877362;44;43;43;1
Newton;Staly 0.25;0.25;75;0.172128;1.82653;2.18519e-07;2.45819e-06;6.67534e-12;48;47;47;1
Newton;Staly 0.25;0.25;76;-1.44492;0.329224;-1.07054;0.535268;0.877362;42;41;41;1
Newton;Staly 0.25;0.25;77;-0.271818;0.037689;-2.35952e-06;1.92005e-07;1.07185e-11;41;40;40;1
Newton;Staly 0.25;0.25;78;-0.428182;-1.26028;-4.61178e-07;-2.40833e-06;7.33608e-12;47;46;46;1
Newton;Staly 0.25;0.25;79;-0.124854;0.993769;-2.89461e-07;2.36735e-06;5.08668e-12;46;45;45;1
Newton;Staly 0.25;0.25;80;-1.9827;1.56257;-1.74755;0.873778;0.298638;46;45;45;1
Newton;Staly 0.25;0.25;81;-1.29928;1.87909;-1.07054;0.535274;0.877362;47;46;46;1
Newton;Staly 0.25;0.25;82;1.68465;0.0963293;1.74755;-0.873774;0.298638;46;45;45;1
Newton;Staly 0.25;0.25;83;1.35809;-0.31298;1.07054;-0.535269;0.877362;42;41;41;1
Newton;Staly 0.25;0.25;84;0.0804486;-1.4752;1.42287e-07;-2.63954e-06;6.63208e-12;47;46;46;1
Newton;Staly 0.25;0.25;85;-1.02235;0.506064;-1.07054;0.53527;0.877362;36;35;35;1
Newton;Staly 0.25;0.25;86;-0.559083;-1.11804;1.74755;-0.873777;0.298638;72;71;71;1
Newton;Staly 0.25;0.25;87;0.578417;1.83066;1.74755;-0.873777;0.298638;54;53;53;1
Newton;Staly 0.25;0.25;88;1.49795;-0.95746;1.74755;-0.873777;0.298638;51;50;50;1
Newton;Staly 0.25;0.25;89;0.525393;-0.618144;-2.30362e-06;-1.52913e-06;1.64741e-11;42;41;41;1
Newton;Staly 0.25;0.25;90;0.952004;-0.494497;1.07054;-0.53527;0.877362;38;37;37;1
Newton;Staly 0.25;0.25;91;-1.77904;-1.70689;-1.74755;0.873774;0.298638;49;48;48;1
Newton;Staly 0.25;0.25;92;1.89059;-0.157036;1.74755;-0.873774;0.298638;45;44;44;1
Newton;Staly 0.25;0.25;93;0.202847;-0.0345356;2.5145e-06;-3.60366e-07;1.18691e-11;40;39;39;1
Newton;Staly 0.25;0.25;94;-0.721601;-1.23803;-1.07054;0.535269;0.877362;48;47;47;1
Newton;Staly 0.25;0.25;95;1.55356;-0.236317;1.74755;-0.873774;0.298638;44;43;43;1
Newton;Staly 0.25;0.25;96;0.781751;-0.633152;1.07054;-0.535273;0.877362;41;40;40;1
Newton;Staly 0.25;0.25;97;-0.553144;-0.838655;1.74755;-0.873778;0.298638;50;49;49;1
Newton;Staly 0.25;0.25;98;-0.120588;-0.574548;-4.97997e-07;-2.4444e-06;7.68837e-12;44;43;43;1
Newton;Staly 0.25;0.25;99;1.67381;-1.8997;1.74755;-0.873779;0.298638;46;45;45;1
Newton;Staly 0.25;0.25;100;0.220816;-1.02115;4.79737e-07;-2.41333e-06;5.12671e-12;46;45;45;1
Newton;Zmienny;0;1;-0.319611;1.92647;-3.09557e-17;2.163e-16;4.20064e-32;129;4;4;1
Newton;Zmienny;0;2;-0.504542;-1.11713;-6.71666e-16;-5.95137e-16;1.65619e-30;161;5;5;1
Newton;Zmienny;0;3;-1.94182;-1.41463;-1.74755;0.873776;0.298638;161;5;5;1
Newton;Zmienny;0;4;1.00188;-0.0873675;1.073;-0.5365;0.877348;65;2;2;1
Newton;Zmienny;0;5;-1.7739;0.137154;-1.74755;0.873776;0.298638;129;4;4;1
Newton;Zmienny;0;6;-0.052814;1.17268;2.03678e-17;-4.73326e-18;7.55694e-34;97;3;3;1
Newton;Zmienny;0;7;-0.727136;-0.558241;-1.36966;0.684827;0.688066;65;2;2;1
Newton;Zmienny;0;8;-1.76264;-1.65504;-1.74755;0.873776;0.298638;97;3;3;1
Newton;Zmienny;0;9;1.42055;-1.3403;1.74755;-0.873776;0.298638;97;3;3;1
Newton;Zmienny;0;10;-0.609583;-1.94618;-1.74755;0.873776;0.298638;193;6;6;1
Newton;Zmienny;0;11;-1.79949;0.00847795;-1.74755;0.873776;0.298638;129;4;4;1
Newton;Zmienny;0;12;-0.394064;1.31691;8.30271e-14;3.68315e-14;1.82016e-26;129;4;4;1
Newton;Zmienny;0;13;-1.70066;-1.19943;-1.74755;0.873776;0.298638;129;4;4;1
Newton;Zmienny;0;14;0.0427069;-1.15833;-2.85775e-17;1.19348e-17;1.43472e-33;97;3;3;1
Newton;Zmienny;0;15;-0.494545;-1.1863;-4.12622e-15;-4.98234e-15;7.94335e-29;161;5;5;1
Newton;Zmienny;0;16;1.71473;0.128418;1.74755;-0.873776;0.298638;129;4;4;1
Newton;Zmienny;0;17;1.23411;1.81914;1.06006;-0.530031;0.877122;65;2;2;1
Newton;Zmienny;0;18;0.512957;-1.52608;-1.80853e-17;-3.66802e-17;2.66297e-33;161;5;5;1
Newton;Zmienny;0;19;0.242073;0.975962;2.45968e-18;8.33258e-18;1.02027e-34;129;4;4;1
Newton;Zmienny;0;20;0.162441;-1.04787;6.72518e-14;-4.04599e-13;1.45536e-25;97;3;3;1
Newton;Zmienny;0;21;0.853264;0.781966;1.12766;-0.563831;0.870172;65;2;2;1
Newton;Zmienny;0;22;0.915426;-0.865609;1.09157;-0.545787;0.876391;65;2;2;1
Newton;Zmienny;0;23;-1.47152;-1.29699;1.74755;-0.873776;0.298638;161;5;5;1
Newton;Zmienny;0;24;-1.23142;-0.480793;-1.06079;0.530394;0.877154;65;2;2;1
Newton;Zmienny;0;25;1.22369;-0.853156;1.06267;-0.531335;0.877226;65;2;2;1
Newton;Zmienny;0;26;-1.28376;0.00939538;-1.03791;0.518954;0.875049;65;2;2;1
Newton;Zmienny;0;27;1.03838;-1.26587;1.07095;-0.535474;0.877361;65;2;2;1
Newton;Zmienny;0;28;1.50063;0.45646;1.74755;-0.873776;0.298638;161;5;5;1
Newton;Zmienny;0;29;1.12467;-1.95327;1.0708;-0.535421;0.877361;65;2;2;1
Newton;Zmienny;0;30;-1.99036;-0.736346;-1.74755;0.873776;0.298638;161;5;5;1
Newton;Zmienny;0;31;-0.568598;1.76864;-1.74755;0.873776;0.298638;129;4;4;1
Newton;Zmienny;0;32;1.43386;1.13843;-6.22755e-14;1.91661e-13;3.25545e-26;97;3;3;1
Newton;Zmienny;0;33;0.908919;1.28524;1.09418;-0.547089;0.876135;65;2;2;1
Newton;Zmienny;0;34;-1.72714;-1.61566;-1.74755;0.873776;0.298638;129;4;4;1
Newton;Zmienny;0;35;-1.04731;0.283093;-1.07074;0.535368;0.877361;65;2;2;1
Newton;Zmienny;0;36;-0.899149;-0.535743;-1.09853;0.549264;0.875641;65;2;2;1
Newton;Zmienny;0;37;1.26569;0.375473;1.04825;-0.524125;0.87628;65;2;2;1
Newton;Zmienny;0;38;1.22858;-0.178892;1.06151;-0.530756;0.877184;65;2;2;1
Newton;Zmienny;0;39;0.586027;0.167994;1.74755;-0.873776;0.298638;129;4;4;1
Newton;Zmienny;0;40;0.551249;1.2764;-1.74755;0.873776;0.298638;161;5;5;1
Newton;Zmienny;0;41;-0.409897;0.0709179;-2.34866e-13;8.30709e-14;9.77146e-26;97;3;3;1
Newton;Zmienny;0;42;-0.120018;1.69139;-5.39819e-16;1.12729e-14;1.21575e-28;97;3;3;1
Newton;Zmienny;0;43;-1.02061;-0.219525;-1.07167;0.535836;0.877359;65;2;2;1
Newton;Zmienny;0;44;-0.470941;0.163253;-2.98066e-15;-7.18619e-15;9.08295e-29;97;3;3;1
Newton;Zmienny;0;45;-1.40653;0.513621;-0.728896;0.364448;0.65837;65;2;2;1
Newton;Zmienny;0;46;-0.600721;-0.329914;-1.74755;0.873776;0.298638;129;4;4;1
Newton;Zmienny;0;47;1.15021;-1.82656;1.07048;-0.535242;0.877362;65;2;2;1
Newton;Zmienny;0;48;1.15616;-0.196574;1.0703;-0.535151;0.877361;65;2;2;1
Newton;Zmienny;0;49;-0.547469;0.624121;-3.06166e-19;1.79724e-19;1.64751e-37;129;4;4;1
Newton;Zmienny;0;50;1.13781;-0.33553;1.07075;-0.535244;0.877361;65;2;2;1
Newton;Zmienny;0;51;-0.0610117;-0.577639;-6.35062e-17;1.35961e-17;7.38749e-33;97;3;3;1
Newton;Zmienny;0;52;0.475158;1.85325;-1.74755;0.873776;0.298638;161;5;5;1
Newton;Zmienny;0;53;-0.34177;1.04668;3.53863e-16;9.56597e-17;2.93439e-31;129;4;4;1
Newton;Zmienny;0;54;0.406993;0.14302;1.94657e-17;3.72323e-20;7.58556e-34;129;4;4;1
Newton;Zmienny;0;55;-1.07659;0.575912;-1.07055;0.53528;0.877362;65;2;2;1
Newton;Zmienny;0;56;0.377209;0.00614457;9.01554e-19;-1.63333e-19;1.50502e-36;129;4;4;1
Newton;Zmienny;0;57;1.29386;1.26539;1.03059;-0.515294;0.873902;65;2;2;1
Newton;Zmienny;0;58;1.11091;1.02509;1.07077;-0.535371;0.877361;65;2;2;1
Newton;Zmienny;0;59;1.21192;-1.87138;1.06502;-0.532512;0.877295;65;2;2;1
Newton;Zmienny;0;60;1.32974;0.45581;0.991706;-0.495853;0.864038;65;2;2;1
Newton;Zmienny;0;61;1.93415;-1.17713;1.74755;-0.873776;0.298638;161;5;5;1
Newton;Zmienny;0;62;-1.25957;-0.991242;-1.05109;0.525545;0.876538;65;2;2;1
Newton;Zmienny;0;63;-1.20535;-1.28141;-1.0661;0.533049;0.877318;65;2;2;1
Newton;Zmienny;0;64;-0.115665;-1.75191;-2.98038e-16;-6.67868e-15;4.67729e-29;97;3;3;1
Newton;Zmienny;0;65;-0.684234;-1.91451;-1.74755;0.873776;0.298638;97;3;3;1
Newton;Zmienny;0;66;-1.87399;-0.878711;-1.74755;0.873776;0.298638;161;5;5;1
Newton;Zmienny;0;67;0.74985;0.025439;1.29415;-0.647077;0.768641;65;2;2;1
Newton;Zmienny;0;68;1.65497;0.514624;1.74755;-0.873776;0.298638;161;5;5;1
Newton;Zmienny;0;69;-0.69696;1.81712;-1.74755;0.873776;0.298638;97;3;3;1
Newton;Zmienny;0;70;1.64359;-1.12137;1.74755;-0.873776;0.298638;161;5;5;1
Newton;Zmienny;0;71;1.94942;1.64728;1.74755;-0.873776;0.298638;161;5;5;1
Newton;Zmienny;0;72;1.93403;1.70045;1.74755;-0.873776;0.298638;161;5;5;1
Newton;Zmienny;0;73;1.25921;-0.389334;1.25921;-0.389334;0.857091;33;1;1;1
Newton;Zmienny;0;74;0.86797;-1.17599;1.11653;-0.558267;0.872705;65;2;2;1
Newton;Zmienny;0;75;0.172128;1.82653;3.95686e-14;3.87571e-13;1.68679e-25;97;3;3;1
Newton;Zmienny;0;76;-1.44492;0.329224;-9.17705e-15;7.46653e-16;1.62142e-28;97;3;3;1
Newton;Zmienny;0;77;-0.271818;0.037689;-2.53714e-14;5.26846e-15;1.18151e-27;97;3;3;1
Newton;Zmienny;0;78;-0.428182;-1.26028;1.97638e-18;-2.45533e-18;8.98812e-36;161;5;5;1
Newton;Zmienny;0;79;-0.124854;0.993769;-3.683e-15;2.81937e-14;7.18178e-28;97;3;3;1
Newton;Zmienny;0;80;-1.9827;1.56257;-1.74755;0.873776;0.298638;161;5;5;1
Newton;Zmienny;0;81;-1.29928;1.87909;-1.02612;0.513061;0.873089;65;2;2;1
Newton;Zmienny;0;82;1.68465;0.0963293;1.74755;-0.873776;0.298638;129;4;4;1
Newton;Zmienny;0;83;1.35809;-0.31298;1.35809;-0.31298;0.835516;33;1;1;1
Newton;Zmienny;0;84;0.0804486;-1.4752;1.53562e-16;-2.73677e-16;8.00355e-32;97;3;3;1
Newton;Zmienny;0;85;-1.02235;0.506064;-1.02235;0.506064;0.872365;33;1;1;1
Newton;Zmienny;0;86;-0.559083;-1.11804;1.74755;-0.873776;0.298638;129;4;4;1
Newton;Zmienny;0;87;0.578417;1.83066;1.74755;-0.873776;0.298638;161;5;5;1
Newton;Zmienny;0;88;1.49795;-0.95746;1.74755;-0.873776;0.298638;129;4;4;1
Newton;Zmienny;0;89;0.525393;-0.618144;-1.74755;0.873776;0.298638;129;4;4;1
Newton;Zmienny;0;90;0.952004;-0.494497;0.952004;-0.494497;0.847991;33;1;1;1
Newton;Zmienny;0;91;-1.77904;-1.70689;-1.74755;0.873776;0.298638;129;4;4;1
Newton;Zmienny;0;92;1.89059;-0.157036;1.74755;-0.873776;0.298638;161;5;5;1
Newton;Zmienny;0;93;0.202847;-0.0345356;1.1716e-15;6.40184e-16;3.90517e-30;97;3;3;1
Newton;Zmienny;0;94;-0.721601;-1.23803;-1.39197;0.695983;0.661189;65;2;2;1
Newton;Zmienny;0;95;1.55356;-0.236317;1.74755;-0.873776;0.298638;161;5;5;1
Newton;Zmienny;0;96;0.781751;-0.633152;0.781751;-0.633152;0.774065;33;1;1;1
Newton;Zmienny;0;97;-0.553144;-0.838655;4.38368e-17;-3.16234e-17;3.45711e-33;129;4;4;1
Newton;Zmienny;0;98;-0.120588;-0.574548;-4.37164e-15;-2.16142e-14;5.99887e-28;97;3;3;1
Newton;Zmienny;0;99;1.67381;-1.8997;1.74755;-0.873776;0.298638;161;5;5;1
Newton;Zmienny;0;100;0.220816;-1.02115;1.03636e-18;-4.28623e-18;1.60778e-35;129;4;4;1
